voice,text
fem_hiy_00001,あ、じゃあ別に無理しなくていいよ。そうすれば話いかなと思っただけなので
fem_hiy_00002,まあ出会った当初から、すんごくキラキラした目で私のこと見てくんなこの子と思ったよね。お陰で仲良くなれたのだけどさ
fem_hiy_00003,いやめっちゃ持ちあげるけども、普段通りでいいよ普段通りで。私と話すときみたいに
fem_hiy_00004,ひよひよ～、ひよひよ～
fem_hiy_00005,太らねーよ！どんな理論だよ、ダーウィンが助走つけてはっけよいで進化論ぶちかましてくんぞ。おまえこそ太ってしまえこの……美少女！
fem_hiy_00006,日和ってんじゃねーぞ！腹から声出せ、もっとやる気出せ！
fem_hiy_00008,仕事抜きでゆっこが興味持った男性なんて、世界でお兄くらいだぜ
fem_hiy_00009,話の内容が内容ではあったけど、少しは楽しめたかな？
fem_hiy_00010,えへへ～。もうぅ～お兄ったら、すぐのろけるぅ～ぐそうやって私を喜ばせるぅ～。私もあの瞬間が人生で一番幸せだったー。お兄とぅきー、大とぅきぃー
fem_hiy_00011,ん？どういうなにごと？
fem_hiy_00012,んー、まあゆっこなら安全かなっていうのはあるとしてー
fem_hiy_00013,私はお兄を信じているので
fem_hiy_00014,ゆっこよりも錦さんに鼻の下伸ばすのをやめろや
fem_hiy_00015,私はお兄の選択を信じているので
fem_hiy_00016,私はもう全てをお兄に曝けだしてしまったので。私自身の隠し事なんて一つもないよ
fem_hiy_00017,そういうのは黙って買おうね！
fem_hiy_00018,というか毎晩私と二人で寝てるのに、そんなのいつ見るの？
fem_hiy_00019,ちょっとわかる！
fem_hiy_00020,お昼は食べましたが、今川焼きもいただきますありがとうございます。わーい、見てお兄！お芋餡あるよ芋餡！
fem_hiy_00021,ううん、ここがいい。ミリさんが買ってきてくれた今川焼きあるし……
fem_hiy_00022,いつもお父さんとお母さんの声を聞いてたの、この部屋だから
fem_hiy_00023,お腹がいっぱいになれば肝だって据わる！
fem_hiy_00024,え、待って待って、まだ心の準備できてない。ごめんね資正、ちょいとケージの中にいておくれ。お兄と手だけは握ってたい
fem_hiy_00025,……お父さんとお母さんの望んだ形ではないかもしれないけど
fem_hiy_00026,それでも私はお兄と二人で幸せになる
fem_hiy_00027,お兄と暮らして、お兄のすぐそばで、お兄の幸せを叶えながら、自分も幸せになりたい
fem_hiy_00028,お兄とずっといっしょにいたい
fem_hiy_00029,お兄ー、１０秒以内にお風呂ー
fem_hiy_00031,妹のお願いを無下にして観る野球は楽しい？
fem_hiy_00032,なるほど、これは重症だあ
fem_hiy_00033,今日はいっしょにお風呂入る？
fem_hiy_00034,はい１０秒、やっと体起こしてくれた。早くお風呂入りなちゃい
fem_hiy_00035,んーふふふそうかもしれない。あんまり意識してなかったんだけどね、お兄に抱きついたら瞬時に気持ちが甘くなった
fem_hiy_00036,お兄との幸せを自分自身に誓ったせいかな。もう一れないぞと思ってしまって
fem_hiy_00037,んーん。私が最低な言葉を投げたにもかかわらず、お母さんたちはずっと私の心配をして、私の幸せまで願ってくれて、嬉しかったよ
fem_hiy_00038,本音を言えばちょっと怖かったけど、二人の会話が聞けてよかった。私、幸せになっていいんだあ……ってても救われたよ
fem_hiy_00039,まあ昼間言った通り、お父さんとお母さんの望む形ではないだろうけど……それでもいま私は、お兄にこうして抱きしめてもらって幸せなので
fem_hiy_00040,私はけっこう頑固な自覚があるので、他のひとじゃ絶対駄目なんだと思う。お兄が大切なものいろいろ全部捨てて踏みこんできてくれた今となってはなおさら
fem_hiy_00041,私は今後の人生をお兄と二人で過ごして、最後の最後もし一人きりになっても、天寿を全うするその瞬間まで精一杯幸せに生きるよ
fem_hiy_00042,私がお兄の後追い自殺するってこと？
fem_hiy_00043,天命には逆らえないけど、私はできる限りお兄よりも長く生きるよ。最低でも１年は生きるよ。でないと来世でお兄の妹になれないでしょ
fem_hiy_00044,と言っても、お兄とたくさん思い出作って末永く幸せに暮らしたいので、今のはおじいちゃんおばあちゃんになってからの話ね。いっしょに長生きしよう
fem_hiy_00045,ちなみに私が先に亡くなってしまった場合は、来世においてお兄を産むので、ひとりになっても２０年は長生きしてね
fem_hiy_00046,なのでお兄は、お兄の種を冷凍保存して残しておいてね。来世において見つけてみせるさ
fem_hiy_00047,お父さんとお母さんの会話を聞いて、ますます自分の意思を固められた気がする。私はお兄と結ばれたこの幸せな人生を最期の最後まで堪能して生きるよ
fem_hiy_00048,辛い思いをしたり、悲しい思いをする日もあるだろうけど、悲観だけはせずに毎日を楽しく過ごすんだ
fem_hiy_00049,それでいよいよ私に最期の日が訪れたときは、お父さんとお母さんとお兄に『幸せだったよ』って笑いながら報告したい
fem_hiy_00050,お父さんとお母さんの分も長生きして、二人でいっぱい思い出作ろうね
fem_hiy_00051,もうなってまちゅ
fem_hiy_00052,お兄、あさー……むふー……
fem_hiy_00053,あとちょっとお兄のぬくもりの中でまどろむー……んふふふ
fem_hiy_00054,しゃーわせー……朝起きたらそこにしがみつける人のいる毎日が、これほど心地よいものだったとはー
fem_hiy_00055,こないだまでの私、よく一人で寝られてたなあ。ひとりはもう無理。朝起きて誰もいないのは寂しすぎて無理
fem_hiy_00056,うへへへお兄に甘やかされてるぅーん。はー、前と立場が逆になってしまったねえ。こんな日が来るとはなあ。私自身、甘えたがりという自覚がなかったからなあ
fem_hiy_00057,せっかくなので甘えてしまおう。ぎゅうしてぎゅうして
fem_hiy_00058,うひへへへ幸せすぎるぅー。こんなに安心して毎日が過ごせるなら、もっと早くお兄の部屋で寝かせてもらえばよかった
fem_hiy_00059,ほんとだ。なんか理由でもない限り、お願いしたあとにめっちゃ後悔しそう。というか、そんなお願いできる勇気など私にあるはずなかった
fem_hiy_00060,ボランティア合宿のときみたいな、たまーにいっしょのお布団で寝てドキドキするのも楽しかったけどね！
fem_hiy_00061,甘えてるぅー……これからいっぱい甘えてしまおう兄に甘えられなかった時間をたくさん取りもどしてしまおう
fem_hiy_00062,んー、お兄に悪いことした自覚あったし……や、子どものころはね。今は許してもらったので、こうして甘えられてる
fem_hiy_00063,あとお兄に甘えて欲しかったので、自分がしっかりしなければと気張ってた部分はある。や、好きでやってたんだけどね。なのでぜんぜん無理はしてない
fem_hiy_00064,お兄からありがとうと言われるたびに、心と身体が少し軽くなるみたいで……なので甘えてもらえると、その日１日は心安らかに過ごせましたもの
fem_hiy_00065,うへへへお互い甘えて甘甘だあ。私も甘える、ぎゅうー……
fem_hiy_00066,あ、玄関の鍵が開く音した
fem_hiy_00067,いやははぐっすりと眠りこけてしまったみたいですろそろ朝の支度をしなければいけない時間なので助かりました
fem_hiy_00068,ミリさん、朝ごはんいっしょに食べていきますれなら３人分作るのですが
fem_hiy_00069,あ、出ます出ます。というか、出ていいのかしらワタクシ
fem_hiy_00070,先輩は一応受験生だけどもね。とはいえそんな心配のいらなそうなところがまた
fem_hiy_00071,年少組が買い出し行きましょうか？
fem_hiy_00072,おけまるです！
fem_hiy_00073,あーそれは……ご心配をおかけしました
fem_hiy_00074,今日から新生生徒会始動かあ……
fem_hiy_00075,よーっし今日からまた１年間、お兄のもとで元副会長兼部外者がんばるぞ！
fem_hiy_00076,新人２人がかわいらしい女の子だったので、お兄の鼻から下の伸び具合を確かめにいく必要もあるしね！
fem_hiy_00077,あ、てゆか朝の時間ヤバめ。急いでごはんの準備してくる
fem_hiy_00078,ん？うん。じゃなくて、はい
fem_hiy_00079,あまりの甘さに妃愛は溶けてしまいそうです
fem_hiy_00080,いっ、いあ、むしろみなぎった！やる気チャージしてもらった！
fem_hiy_00081,でも不意打ちは予想外だったので、いつものキスよりドキドキしてしまった……もうお兄ったら、すぐそうやって私をドキドキさせるぅ～
fem_hiy_00082,えへへ、お兄好きぃ～。大好きぃ～。おはようからおやすみまで好きぃ～。生まれてからずっと好きぃ～兄の妹に生まれてよかったあ
fem_hiy_00083,目玉焼きうめー！今日の半熟具合は完璧だな、さすがは私ガハハ！
fem_hiy_00084,今日のふりかけはのりたまご～。ひよひよ～
fem_hiy_00085,じゃあ資正、いってくるね。今日もお留守番お願いね
fem_hiy_00086,お兄がエスコートしてくれるので最近は登校が楽しいなあ。今日も妃愛を守ってぇ～ん
fem_hiy_00087,そんな申し出をしたら、マネージャーさんが毎日お迎えに来るのでダメどす。お兄と二人がよいので
fem_hiy_00088,うんー！私もできるだけ授業休まないー！放課後お兄に会いたいから、継ぎ接ぎでも積極的に登校するー！
fem_hiy_00089,じゃあいってきまーす
fem_hiy_00090,あーうん、誰だろう。たぶんお父さんとお母さん
fem_hiy_00091,えー、前副会長の和泉妃愛です。みなさんご存知の通り、そこへ鎮座する会長はうちの兄です
fem_hiy_00092,私も普段は放課後に仕事がありまして、空いた日にお手伝いという形での参加になりますが、どうぞよろしくしてやってくださ――
fem_hiy_00093,あっ二人ともすごく優しい。仲良くできそう
fem_hiy_00095,あ、和泉さんと和泉会長だと混乱すると思うのでよりんでいいよー。というかむしろそう呼んでー
fem_hiy_00096,わたしアイドルじゃないしなあ。そもそもここ仕事場じゃないし、知ったことかげっふぅーい
fem_hiy_00097,これだけの醜態晒して憧れられるとは思わなかったれならもっとだらしなく振るまっても大丈夫かなあ、おなかぽんぽん
fem_hiy_00098,叩くな叩くな。清純派声優だぞ
fem_hiy_00099,あむん。錦さんに食べさせてもらうと３倍おいちぃ
fem_hiy_00100,ま、待って。これ以上は清純派やアイドル関係なくれに準ずる生きものとしての沽券に関わ…、あむぅー！おいしいけど太るぅー！
fem_hiy_00101,はいお兄ちゃん、口開けて
fem_hiy_00102,あれ、聞いてなかった？これ以上食べたら太ると言っているのに、錦さんが私を肥えさせようとたこ焼きを口に入れるので、お兄ちゃんに代わってもらおうと
fem_hiy_00103,はい、あーん
fem_hiy_00104,ついでに私からも。はい、あーん
fem_hiy_00105,ぷはー！ジュースうめー！五臓六腑に染みわたるぅー！ドーパミンも脳内に染みわたるぅー！
fem_hiy_00106,や、作品としての『声のお仕事もの』の旬が過ぎたとは言われましたけど、声のお仕事そのものが廃れたわけではないので、私は別に嫌な思いしてないですよー
fem_hiy_00107,メインの題材ではなくとも、よく扱われるお仕事のジャンルではありますし。いや錦さんそれ、明太チーズを食べた上でハムチーズが上って言ってんの！？
fem_hiy_00108,ねー、ほんとねー？うちの兄ったら困っちゃいますよねー。こーんなきゃわいい妹がすぐそばにいるのにねー。ねー？
fem_hiy_00109,いやあ実写での出演は長年お断りしてきたんだけどね。私の意思とは関係なく、前の事務所を辞めるときの契約上の問題で
fem_hiy_00110,まあその期間はとっくに過ぎてて、今は特別な縛りなどないのだけども。それとはまた別に、実写の世界は声優が進出してくるのをわりと警戒してるわけですよ
fem_hiy_00111,んーまあ今回はこれこれこういうコンセプトでーとか、最初から企画に盛りこまれてて、双方にメリットがあると話がついてるなら話は別だけども
fem_hiy_00112,たとえば映画とかドラマにはぼちぼち出演したりもするけど、ＣＭでは声優さんの実写をあまり見ないでしょ
fem_hiy_00113,ＣＭはドラマや映画よりも利権の大きな業界なので所者の参入を絶対に許してはくれないのですよれはもうあらゆる手段を用いて
fem_hiy_00114,とはいえ私は、昔お世話になった方々がいまだに優しくしてくれたり、いち時期はお仕事の声をかけてくださったりしたので、恵まれてるほうなのだけれども
fem_hiy_00115,いやあまあ、真面目にお仕事してたーなんて部分を評価していただけていれば、それはそれで嬉しいけどねも実際のとこは両親を同時に亡くしたというのがね
fem_hiy_00116,甘えが通じない大人の世界ではあるけど、みなさん人情はあるからね。どころか、厳しくあるよう心がけているだけで、根っこは情に篤かったりもするので
fem_hiy_00117,事情を知って同情してくれた役者さんの中には、子役を離れてしばらくの間『困ったときは頼って』って言ってくれたかたが何人もいたよ。ありがたい話だねえ
fem_hiy_00118,あと実写に出なかったのは、んー……声のお仕事に専念しようとしていたのはある
fem_hiy_00119,文化祭で打ちあけた通り、私は昔、声を出せない怖さを知ったお陰で、その力とありがたみを身に沁みてよく理解したからね
fem_hiy_00120,なので、実写の世界が嫌いになったわけではないですよ。避けていたのではなく、目の前のものに集中していただけというか
fem_hiy_00121,今となっては足場も固められたし、声の世界は居心地も良いので、今後も実写の世界へ戻るつもりはなかったけど……でも今回は少し特別
fem_hiy_00122,ここにいる生徒会のみんなが好きだし……またお兄ちゃんと二人で一つの作品に関われるのなら、１回だけいいかなって
fem_hiy_00123,常磐さんの言う通り、まずは話が実現に漕ぎつけてからだけど、オファーが来たときは全力でお話をお受けする所存であります
fem_hiy_00124,兄をかっこよく書いてくださいとお願いするのもねえ。あとライバルは減らしておいたほうが良いし
fem_hiy_00125,お兄ちゃんを下げておけば、相対的に私の株が上がるかもしれないしねオホホ！
fem_hiy_00126,さて、お兄。今日は色々ありましたが
fem_hiy_00127,どっちがタイプだ
fem_hiy_00128,そんな甘い言葉には騙されないぞ。さあ言ってごらん、お兄は飯田さんが好きそう
fem_hiy_00129,えーでも私、お兄から大切にされてる自覚はあるけど、お兄の女性のタイプではない自覚もあるんだよなー
fem_hiy_00130,お兄って見た目は詩桜先輩で、性格は錦さんみたいな女性が好きでしょー？私、スレンダーでもエンジェルでもないからなあ
fem_hiy_00131,ちょっぴりきゅんときた。愛でるという表現は良いね、お兄から大切にされたい
fem_hiy_00132,うへへへお兄～、愛でて～
fem_hiy_00133,愛されてる……愛されている……しあわせ……しあわせすぎる……
fem_hiy_00134,お兄から誉められてるぅ～……お兄の役に立ててるぅ～……学園でもそばにいられるので、生徒会ほんといいなあ。居心地よすぎるぅ～
fem_hiy_00135,神田さんも飯田さんも、常磐さんや錦さん並みにいい人だったし……また１年間楽しくなりそう
fem_hiy_00136,ん？また今が楽しいからって、その日常が壊れた場合の心配してる？
fem_hiy_00137,上手くない。たとえならぬるま湯だけでよかった
fem_hiy_00138,お兄は生徒会に入る前からぬるま湯が好きだったよの半年間は、いつも一人で入ってたお風呂に仲良しさんのみんなが入ってきただけだよ
fem_hiy_00139,実際みんなと同じお風呂に入りおったからな、このお兄は。みんなといっしょに温泉入るのは楽しかったでしょ？入浴そのものではなく、旅行的な意味で
fem_hiy_00140,お兄のそのおセンチな気持ちは、誰しもが心の中に秘めているやつなので、弱気にならなくてもいいやつだよ
fem_hiy_00142,みんなといっしょに入った温泉が楽しかったのならこへ神田さんと飯田さんも入ってきたと思えばり楽しくなるはずだよ
fem_hiy_00143,私もね、半年前はぬるま湯のままでいいと思ってたよ。このままお兄と、なんの変化もなく、何年先までもずうーっと暮らしていければいいなって……
fem_hiy_00144,でも私の意思とは無関係に、私たちを取り巻く環境が変化していくうちに、私の一番欲しかったものが手に入ったので……諦めていた幸せに手が届いたので
fem_hiy_00145,お外が怖くて、でも逆らえないなにかに背中から押しだされそうなときは、今の自分を思いだすしかないよね。ハミダシた先にも幸せはあったんだから
fem_hiy_00146,おセンチな気分は、それはそれで貴重なものだからく味わっておいたほうがよいけどねもうん、お兄に元気が出たのならよかった
fem_hiy_00147,さっきまでおなかいっぱいだったのに、お兄と話したら急に食欲湧いてきた……なにか食べる？
fem_hiy_00148,なので、お茶漬けなんかのさらっとしたやつ兄と二人で夕ごはん食べたい
fem_hiy_00149,自分たちのごはんどうこうよりも、まずは資正に顔を見せてあげるべきだったね！ごめんね、長い時間お留守番させちゃって、悪かったねごめん
fem_hiy_00150,詩桜先輩の小説の件、黙っててごめんねー
fem_hiy_00151,話を聞いたその日は、お兄といっしょに作品づくりをできるかもしれないと思ってドキドキでした
fem_hiy_00152,こんなに甘々な気持ちで抱きついていたら、様子がヘンなのをお兄に気づかれてしまうのではと不安になりながら……
fem_hiy_00153,世間の流行りだったり、同時期の話題を全て奪っていくヒット作品のありなしだったり、こればっかりは運要素な部分もあるけど、詩桜先輩の本売れるといいね
fem_hiy_00154,映画化まで話が進んで、オファーを貰えたら嬉しいなあ……演技の途中でお兄の顔を思い浮かべてしまいそうなのが心配
fem_hiy_00155,恋する乙女の顔が出てしまうぅー
fem_hiy_00156,そう？抵抗があったわけではないよ。事務所の兼ね合いとか、お世話になった人、これからなる人への挨拶回りは大変だけども
fem_hiy_00157,ただ詩桜先輩の依頼だから、お兄が絡んでるからーっていう理由はあるので、今後継続して受けたりはしないかなあ。絶対と言い切るのもやめておくけども
fem_hiy_00158,生の演技って言うと２種類の意味にとられそうだねじてるからいいけども。撮影現場に連れていけるわけではないしね
fem_hiy_00159,ただあの場の空気を壊さないために言わなかったけど、映画のキャストというものはとてもすごく大人の思惑が絡むものなので、期待値３０％くらいで
fem_hiy_00160,と言っても夢のある話は楽しいしね！それがみんなのモチベにも繋がるのだし、ダメならダメでまた次の機会を探せばいいや
fem_hiy_00161,みんなでわいわいしながら、またお兄と放課後を過ごせるだけで私としては充分。今はお手伝いさんだから気も楽だし
fem_hiy_00162,詩桜先輩が３月に卒業しちゃうのだけは残念だね
fem_hiy_00163,それで結局お兄は、神田さんと飯田さんのどっちがタイプなの？
fem_hiy_00164,じゃあ私たちもいきますかー
fem_hiy_00165,はい。聖会長のお勧めに従って、声のお芝居をがんばることにしました
fem_hiy_00166,でもお仕事伝えても『だからなに？』っていう反応が返ってくるかも。知名度がーって説明しても、特別扱いはしませんーって言われそう
fem_hiy_00167,隠す必要ないから言ってもいいのだけど、聞かれてもないのに自分から言うのも承認欲求強い子みたいなので、詩桜先輩に任せるね
fem_hiy_00168,この長いトング、１回使ってみたさあったよね兄ちゃんを挟むぅ～
fem_hiy_00169,えっ！じゃあもっと真剣にやる。めっちゃ本気でゴミ探す。細やかなゴミでも見逃さずに拾う
fem_hiy_00170,その取材、私も参加します！必ず同席させてください！
fem_hiy_00171,いやあ私も今の話を比較的長くできる限り詳しく聞きたいので、お兄になにか言ったりはしないねえ。言うとすれば今際の際だよ
fem_hiy_00172,しょこ、しょこはしょにょ……私は兄がきっかけで声のお仕事を始めたので、一般的な他の役者さんとは、家族への感情の向けかたが違うと言いますか
fem_hiy_00173,お手柔らかにお願いしましゅ……
fem_hiy_00174,お兄ちゃんったらモテモテだあ
fem_hiy_00175,いいでしょー。私の自慢のお兄ちゃん。誰にもあげまてん
fem_hiy_00176,いいでしょうフフフ。このように、家ではいつも私に優しいのです
fem_hiy_00177,窓島ロールもおいしいけど、不自由が丘に知る人ぞ知る的な個人でやってるお店あるよ。今度みんなで行きたいね
fem_hiy_00178,ケーキと紅茶で１５００円くらいかな。それに交通費が１０００円くらいかかるかも
fem_hiy_00179,圧倒的な物量を前に、ちょっぴり苦戦していたところ。誰かひとりヘルプに入ってくれると嬉しい
fem_hiy_00180,違うの。ごめんごめんそうじゃなくて、あんまりにも嬉しくて、つい
fem_hiy_00181,お兄とお料理。えへへへ
fem_hiy_00182,手伝ってもらってるのに手を止めちゃってごめんからめっちゃ剥く超剥く。お兄負けないようにがんばる
fem_hiy_00183,この私に料理で勝負を挑むとはいい度胸だ。じゃあ私が負けたら、今夜はお兄の好きなものなんでも作るったじゃがいもに皮が付いてたら無効ね
fem_hiy_00184,勝負中におしゃべりをする余裕があるとは。でもうん、そうだね。生徒会活動をお兄と二人きりでするのは初めてだったかも
fem_hiy_00185,お兄とお料理するのはいつ以来だろう。軽くお手伝いしてもらった覚えはあるけど『二人でお料理』は初めてじゃないかなあ
fem_hiy_00186,違うよ、お兄。いつも私がさせてもらってたんだよ
fem_hiy_00187,二人でお料理。お兄のそんな機会も奪っちゃってめんね
fem_hiy_00188,でも今、他の誰かを呼ばないで私のヘルプにすぐ入ってくれたよ
fem_hiy_00189,お兄はいつでも頼れるお兄だよ。なのに、私が頼るのを避けて、助けてほしいときでも助けてって言わなかっただけだよ
fem_hiy_00190,察するのを求める文化は日本人特有だって聞くね。でも助けてほしいときに助けてって言える人のほうが強いなあと、今の私は思うよ
fem_hiy_00191,お兄を部屋へ閉じこめたのも、そう仕向けてしまっ覚はあるし……私に甘えてほしかったので
fem_hiy_00192,お兄が『ありがとう』って言ってくれるの、いつも嬉しかったよ。私が期待する以上に、お兄は私を大切にしてくれて……
fem_hiy_00193,じゃあこれからも私にお兄のお世話させてね。それ愛のなによりの喜びだよ
fem_hiy_00194,でもいっしょにお料理するのも楽しいと今日知ったので、これから台所でそばにいて欲しいときはお兄に助けを求めるね
fem_hiy_00195,これからは毎日助けてって言うかもしれないの仕掛けた罠に嵌ってしまったようだねフフフ
fem_hiy_00196,んー、今まではお兄のお世話をしてないと不安で仕方なかったから『家事をする機会を奪ってごめん』なんて言えなかったので
fem_hiy_00197,そんなこと言ってお兄のお世話ができなくなったりしたら泣いちゃう。お兄がなんでもできるようになれば業したあとに一人暮らしを始めてしまうので
fem_hiy_00198,なんて、自分勝手で酷い妹だなあ
fem_hiy_00199,……でも今後は家事を取りあげたりしなくても、お兄がずっとそばにいてくれるという自信が持てたのでから思ってたことを謝ってみた
fem_hiy_00200,大ちゅき。世界で一番の大好きなお兄。私だけのお兄
fem_hiy_00201,ん？どのへんを察してほしかったのかな？
fem_hiy_00202,うちは東北の味なんだー。言われてみれば、じゃがいもは北ってかんじしますね
fem_hiy_00203,お兄のチャーハンおいしーい！今日は特別おいしーい！お昼からずっと楽しみにしてたせいかなあ
fem_hiy_00205,うえへへへへへ。もうぅ～、しあわせすぎるぅ～。毎日がときめきすぎるぅ～。お兄との生活が安らぎすぎるぅ～
fem_hiy_00206,新年、あけましてー
fem_hiy_00207,去年は激動の年だったなあ……
fem_hiy_00208,お兄とお付きあいしてしまってねえ
fem_hiy_00209,炎上なども初体験してしまってねえ。その結果が今なので、ぜんぜん辛い思い出ではないのだけど
fem_hiy_00210,私としては、念願というか願っていた未来以上のものが手に入ってしまったので、人生セミリタイア入ったところある
fem_hiy_00211,や、これから長い時間をお兄と過ごすわけだし、楽しいことも嬉しいこともいっぱい経験したいので、まだまだすべきことは山ほどあるけどね
fem_hiy_00212,とりあえず今年はお仕事がんばりつつ、その合間にスペイン語の猛勉強だなー。南米の奥地はやや不安があるので、ポルトガルだけどアゾレス諸島なんかもアリ
fem_hiy_00213,地中海の島とかもいいよねえ。スペインの近くにいくつか教会あるって。でも日本からの観光客そこそこいそうだなー
fem_hiy_00214,えっ！だって指輪、素敵なのもらった……
fem_hiy_00215,幸せすぎる……年始早々とろけてしまう……今年もいい年になるの確定してる……
fem_hiy_00216,えっなになに、みんないるの？あけましておめでとーございますー
fem_hiy_00217,あ、いいですよー。うちの資正は写真も撮られなれているので大人しいです
fem_hiy_00218,こないだの文化祭で特定されてしまったのでいいですよー。念のためアメリ先輩と生徒会一緒なの言っていいか事前に尋ねておいたので。許可いただいてます
fem_hiy_00219,となると私もツブヤッキーに上げねば。アップするの、事務所の確認だけ待ってからお願いしますー
fem_hiy_00220,あ、いや、画像は昨日撮ったやつだけど、おせちそのものは自分で作ったやつだよー
fem_hiy_00221,そこに本物あるから見る？というか初詣行くなら、私とお兄ちゃんの出かける準備が済むまで、上がって待っててください。どぞ
fem_hiy_00222,おう、食べろ食べろ。そして太れ。お雑煮もあるぞ！
fem_hiy_00223,私よりかは確実に細くていやがりますよ！揉んでやれ腹
fem_hiy_00224,もっとがっつりしたもの食べんしゃい。海老あるよ海老。鯛もあるよ。というか朝ごはん食べずに来たんかい
fem_hiy_00225,昨日の生放送のときか。めっちゃそば啜る音聞こえてましたけども
fem_hiy_00226,はえっ！？あ、ああそっか、クリスマス以降会ってなかったっけ……突然だからびっくりした。あり、ありがとう
fem_hiy_00227,いやっ、いま言われるとは思わなかったので……不意を突かれたというか。ＬＩＭＥのやりとりで完結したものかと
fem_hiy_00228,あっそろそろ初詣の準備しないといけないのでは～？お兄ちゃん、お部屋行こ！
fem_hiy_00229,いやあ……意識が完全におうちモードだった。私としたことがライブに招待したのを完全に失念してた。というか済んだ話になってた
fem_hiy_00230,私とて、うっかりしてるところに集中砲火を浴びれば、弾丸を防ぎきれないで全身蜂の巣にもなるさ。心の準備ができてなかったからね、あー恥ずかし
fem_hiy_00231,お兄までうるちゃい。お兄にはライブのあといっぱい誉めてもらったので、もう充分気持ちよくさせていただきました
fem_hiy_00232,でもやっぱりうれちぃ。ありがと
fem_hiy_00233,みんな待たせたら悪いので、早く鞄取ってこよ？ね
fem_hiy_00234,よーし、いっちょ参るかあ
fem_hiy_00235,願い事を人に言うとなんたらかんたら
fem_hiy_00236,あっでも、人に言えば願いが叶わないのなら、恋のご縁があるようにお願いしてそれを錦さんに話せば、今年いっぱいはそんな縁に巡りあわなくて済むよね！
fem_hiy_00237,あっ大吉だー！いいことしか書いてない！
fem_hiy_00238,まあ私、去年もここで大吉引いてるから『業火で焼かれた件も大吉に含まれるのか？』っていうと微妙なとこだけども、それ以上にいいことあったのでヨシ！
fem_hiy_00239,願望『長く祈ればやがて思い通じる』ですってうえへへへへへ
fem_hiy_00242,合格うううううウウウウゥー！！！
fem_hiy_00243,ごっ、合格うううぅー！お兄ちゃん検定１００点……いや今日のは１２０兆くらいいったな！これは！
fem_hiy_00244,まさか大吉の効果がこれほど凄いとは……恋愛のとこに『愛情を捧げれば返ってくる』なんて書かれてたから、ほんとかなあと疑ってたけど真実だったよ！
fem_hiy_00245,まあ長年の想いが叶ったのも事実なので、願望のとこは願望のとこで嬉しかったのだけども、思わず顔がふやけてしまったのは恋愛のとこを見て、だねえ
fem_hiy_00246,うはー！照れ屋さんのお兄が、私のこと『ちゅき』って言ってくれたー！うはーやべー！こんなストレートに好きって言ってもらえるとは思わなんだー！
fem_hiy_00247,私の仕事なんだと思ってますねん。女優ぞ
fem_hiy_00248,だあーって、仕方ないんだけど、お兄がミリさんを今夜泊めるって言うからさー。仕方ないんだけど
fem_hiy_00249,一年の始めは、お兄といっしょのお布団で寝てちょっぴりいちゃつきたかったから、とても寂しい気持ちになったわけさ。仕方ないんだけどさ
fem_hiy_00250,そんなときに、お兄がミリさんを優しく介抱して家まで送ったりしているので、ひとりで待っている間、もーっと寂しくなってしまったですよ
fem_hiy_00251,なので……ミリさんに優しいお兄は、私が寝てても優しくしてくれるのかなー……と思って
fem_hiy_00252,ちょっとね、ちょっとだけ私にも優しくしてくれれば、それで満足だったですよ。だけどねびっくりいてお兄！
fem_hiy_00253,うちの素敵なお兄ちゃんったら、寝ている私を優しく抱きかかえてくれた上に、そのままお姫様抱っこして部屋まで運んでくれたですよ！
fem_hiy_00254,しかもその途中で、私のことちゅきって……ちゅきって！もう嬉しくて嬉しくて、にやけそうな顔を抑えるのが大変だったあー
fem_hiy_00255,部屋まで運んだあとも、優しく寝かせて、毛布まで被せてくれて……
fem_hiy_00256,そこで声をかけようかと思ったんだけど、ちょっとだけ、ほんの少しだけ、お兄からのアクションを期待したわけさ
fem_hiy_00257,頭を撫でてくれたりしたらいいなーだったり、頬を撫でてくれたりしたらいいなーだったり、そのくらいのささやかな願望を、こう……してみたりね。したのさ
fem_hiy_00258,そうしたらね！お兄ったら、お兄ってば、寝ている私の唇にちゅう！それも優しく触れるだけの、王子様みたいに素敵なちゅう！
fem_hiy_00259,うはー！やべー！これやべー！とろけるぅー！とろけすぎて頭が馬鹿になってしまうー！うちのお兄が素敵すぎて、妹の私が駄目になってしまうー！
fem_hiy_00260,この私もね！いかに恋愛や男性に興味のない私とて、王子様のキスにはちょっぴり憧れた時代もあったですよ！すっごく子どものころ！
fem_hiy_00261,それが今日叶ってしまった！叶えてくれたのは大好きなお兄だった！失くしたはずの乙女心が呼びさまされて、ひとりの女になってしまうー！
fem_hiy_00262,やばいこれもおぅー！お兄好き！大好き！こんなにドキドキするのいつ以来なのってくらいときめいてて、もう好きすぎて好き！
fem_hiy_00263,うわあああーん、この気持ちを誰にも聞いてもらえないのがつらすぎるぅー！心がときめきすぎて、この興奮を内側だけに留めておくのができなすぎるぅー！
fem_hiy_00264,誰か私のお兄自慢を聞いてー！自慢させてーいゆっこー！聞いているのかゆっこーむから私のお兄への想いを聞いてー！
fem_hiy_00265,うちの兄が素敵すぎる……もう……素敵すぎてときめきすぎて好きすぎて、自分を抑えることができない……お兄の妹に生まれてよかった……ちゅき……
fem_hiy_00267,本日の小泉妃愛の営業は終了しました。ワタクシ今とんでもなく気持ちが荒ぶっているのですが
fem_hiy_00268,私も抱きしめられたいのだけども……あにょ。抱きしめられたら、そのままきっと最後までシてしまうので
fem_hiy_00269,新年あけましてお口でしたい
fem_hiy_00708,年始早々愛情特盛りなのだけど……この幸せはいつまで続くのかなあ
fem_hiy_00709,大吉のご加護が覿面すぎて怖いのだけど、この効力はいつまで続くのかなあ
fem_hiy_00710,うん。普通に考えればおみくじの効果は１年なのだけど、こんなに過剰な幸せがほんとに１年も続くのかなあって
fem_hiy_00711,そうだった！お兄がいてくれる限り、私の人生毎吉だった。去年の時点で一生分の幸せが確定してた
fem_hiy_00712,ではでは、これから一生続く、毎年恒例の年始めの行事として……お兄始めしよう、お兄始め
fem_hiy_00713,私、明日もオフだよ
fem_hiy_00714,おにんぽ始めと言わなかった自分を誉めたい
fem_hiy_00715,あけましておめでとうございます
fem_hiy_00716,今年もいっぱいお世話させてね……んー、あむっ
fem_hiy_00717,んむちゅ、ちゅ、んむぅ……んむー、本年のおにんぽは、舌触りがよく濃厚な味わいの中に私の大好きなお兄の汗の香りが漂う……実に芳醇な逸品
fem_hiy_00718,ワインよりはチーズの味わい……んむちゅ、ちゅ……れろっ……柔らかさもチーズ感ある
fem_hiy_00719,ちなみにこれはあくまでおにんぽの選評なので、メインはこのあとで搾りだすお兄のミルクだったりする
fem_hiy_00720,毎年続けてれば、あとで見返したとき、いい思い出になるかもしれない……なんの味か言わなければ、普通にチーズの味だと思われそうだし
fem_hiy_00721,私が恥ずかしい思いをしておにんぽを咥えているというのに、お兄からはその努力を称える気持ちが伝わってこない。がんばっているので誉めてほしい
fem_hiy_00722,んふふふー。そういうの嬉しい。ちゅっ、ちゅ
fem_hiy_00723,この妹は、お兄のお世話ができるのをなによりの喜びとしています。んー、ちゅっ、ちゅむっ
fem_hiy_00724,食事や目覚ましのお世話と同様に、気持ちいいことのお世話もできると、とてもとても幸せです。れろっ、ちゅうー……れろっ
fem_hiy_00725,毎日の営みは生活をする上で必要ではあるんだけど……私は家事もお兄とのコミュニケーションも義務だとは思ってないので
fem_hiy_00726,この『お世話』は、わかっていても私が手を出せない『お兄のお世話』だったので。いまこうして、お兄のためにしてあげられるのが嬉しい。ぺろぺろちゅっ
fem_hiy_00727,まあその、社会へ出るのが早かったお陰で、お兄がえちちに目覚める前から、自分の中に知識としてあったのは幸いだけど
fem_hiy_00728,むしろ、その別にした袋を見つけてしまっていたねえ。ちゅっ、ちゅうっ
fem_hiy_00729,あっ、よいのよいの！なにも知らなかったら、えと、やっぱり驚いただろうけど、初めて見つけたときは知識としてすでにあったので！
fem_hiy_00730,うーん、がんばって舐めても、ちょっぴり元気がなくなってしまった。これは私の責任だなあ
fem_hiy_00731,お兄にだけ恥をかかせないよう、恥を偲んで私も告白するね。お兄に見つかる前から自分でイジったり、したよ
fem_hiy_00732,わあい、お兄の元気が出た。じゅるっ、じゅぷっ。えいごしごし。ちゅっ
fem_hiy_00733,いやあ、ほんと恥じゅかしいのだけど……そにょ、してたってほどではないよ。ちょっと触れてみて、気持ちいいなって思ったり
fem_hiy_00734,でも、そこにお兄の存在があったのは確かで……お兄でもエッチなこと考えるんだなって思って、ドキドキして
fem_hiy_00735,嫌な気持ちはぜんぜんなかったよ。もしそこで抵抗あったら、今こうしてできてないと思うし。三つ子の魂百までというか
fem_hiy_00736,きっとそのときが、私の性の目覚めだったので。お兄とする……なんてことまでは考えなかったけど、お兄の身体を見てドキドキする瞬間はあったねえ
fem_hiy_00737,いやあ、そこはお互い様というか……まあその私も、ちょっぴり大胆にしてしまう日もあって
fem_hiy_00738,そのいきすぎた結果が、お兄に見つかったあの日なのだけど……恥ずかちぃ
fem_hiy_00739,まあエロゲとか同人誌とか隠さなくなってからは兄もある程度開きなおってたしね！
fem_hiy_00740,ありがとね、お兄。そんなお兄の気遣いを改めて嬉しく思うとともに、今はお兄のこっちのお世話もできて愛は嬉しく思います
fem_hiy_00741,萎えてしまったときはどうしようかと思ったけどめはじめたときよりも大きくなってるあむあむ
fem_hiy_00742,し、してたと言っても、ちょっとイジってただけー！ガチのやつじゃないやつ！
fem_hiy_00743,もおおおぉぉぉおおお～～～！この話は私的にとても恥ずかしいと訴えているつもりなのに、お兄がちっともわかってくれない……！
fem_hiy_00744,それまでは軽く触れたり、こすってみるくらいだったけど……ボランティア合宿から帰ってきた次の日の夜に、初めて軽イキするところまでしてしまいました
fem_hiy_00745,あっまた萎えかけてる！せっかく恥ずかしい気持ちを抑えて告白したのに、話と違う！
fem_hiy_00746,えへへへ～、あの日の会話は、私にとっても大切な思い出なので、そう言ってもらえるの嬉しい～、お兄にかわいいって言ってもらえるのちゅきぃ～
fem_hiy_00747,今の関係だから聞けるのだけど、あの日のお兄ょっと大っきくなってた？
fem_hiy_00748,うへへへ、ぢつは私も気付いてしまって……それでそにょ、家に帰ってきても収まらないほどドキドキしてしまったのだけど
fem_hiy_00749,私相手でも、お兄その気になるんだあって、ちょっしかったりしたなあ。お兄のおち○ちん好きちゅんちゅ
fem_hiy_00750,あのときはすっごくドキドキしたなあ……こんな形してたなんて……
fem_hiy_00751,お兄の身体の一部だと思うと愛しくて仕方ないねー、ちゅちゅっ……んちゅっ、じゅぶっ、れろっ
fem_hiy_00752,むふふふお兄の選評をいただいてしまった、いっぱい誉めてもらってうれちぃ。ちゅっ、ちゅうっ……れろっ、ちゅうぅ……
fem_hiy_00756,お兄のおち○ちんのお世話できるの嬉しいなあ……いっぱいかわいがってあげたいなあ……ちゅっ、ちゅうっ……気持ちよくなってね、よちよち
fem_hiy_00759,私のフェラはって、お兄、他のひとにしてもらった経験あるの？
fem_hiy_00760,他と比較できないのになにをゆっておるのか。でもうれちぃので尽くすよ。んちゅっ、ちゅっ、んちゅうううぅ……
fem_hiy_00763,あの日、私の足に、興奮してくれたのかなあ……んっ、んちゅっ、はッ、はあっ、んっ、ちゅうっ……
fem_hiy_00786,むせたのも、自分でお兄のを喉の奥に入れちゃったからで……それも、興奮しちゃって、つい……
fem_hiy_00787,うっ、うん、あとでケアはするけど、今のかんじてきにはぜんぜん平気……それで、大丈夫なので、あの、おにい……
fem_hiy_00788,わたし、自分の手じゃイケそうもなくて……おにいれたい
fem_hiy_00789,ぅ……おにいのお口でしてもらうの、憧れる……きゅんってなった。お兄の手でもしてほしい……絶対きもちいい
fem_hiy_00790,でっ、でも、あにょ……クリはいっぱいイジったので、入り口よりも、そにょ……お、奥に挿れてほしい
fem_hiy_00791,おにいにしてもらいたい気持ちもあるけど…、挿れちゃだめ？
fem_hiy_00792,あッ……！はあっ、やっ、きもひいいっ……！
fem_hiy_00793,おっ、おにいのおち○ちん、きもちよすぎ……なんれただけで、イキそうになっちゃうの……？
fem_hiy_00794,うっ、うぅ……お兄に呆れられないか心配だけど、そう言われてしまうと認めざるをえない……妃愛はえっちな妹です。お兄のおち○ちん挿れたかった
fem_hiy_00795,おっ、お兄のおち○ちん、私の一番奥まで当たってて……自分でするだけだと、こんなにまで気持ちよくならない……
fem_hiy_00796,うっ、動くね……ごめんね、我慢できにゃくて……
fem_hiy_00797,んッ、んんっ……はっ、んくッ……おっ、おにいのち○ちん気持ちいい……んっ、ああっ、はあっ…ッ、ふうっ……
fem_hiy_00798,あっ、ふあっ……！あっ、んッ、ああっ、やっ……！んッ！やあっ、おにぃ……ああっ、しょこ、あっ！いま、あたったとこ……きもちいっ……！
fem_hiy_00799,あっ、しゅごっ……！おに、おにいのおち○ちんっぱり指よりもぜんぜんきもちいいっ……っ、あっ……！
fem_hiy_00800,ふあっ、あっ、んッ……！ひゃうっ！んっ、出しいれっ……するのっ、きもちいっ……！んくっ、ずるって、入ってくるぅっ……！
fem_hiy_00801,はああっ……！おにいと繋がってるの……しゅきっ……！目のっ、前にっ……！大好きな、おにいの、顔っ……
fem_hiy_00802,んうッ、あっ、ああっ、やうッ……！はッ、あんっ！んっ、ああっ、はっ、やっ……！おにいのっ、おにいのがっ……おきゅっ、奥に、あたって……！
fem_hiy_00803,はあっ、あっ、んッ……！やっ、おにいの、大っきいっ……！はふッ、あっ、やっ、きょ、兄妹だから……体の相性もよかったりすると、いいな……
fem_hiy_00804,ひゃふっ！あっ、ふあっ、んッ、くうっ……あっ、ああっ、やっ、おにっ。おにいはっ……気持ちいいたしとのえっち……
fem_hiy_00805,でっ、でも……今日はおにい、あんまり動かないね……疲れたりしてる……？
fem_hiy_00806,もおおおおおおお、おにいいいいいいぃ……どうしてそんなに、私にやさしいの……！？
fem_hiy_00807,やああああああ繋がってるときに……挿入ってるときに、そんなことゆっちゃだめぇ……やんっ！やっ、頭が『好き』で満たされてしまう……！
fem_hiy_00808,やっ、やああっ！やっ、にゃっ、なにこれぇ…めぇ！しゅご、しゅごくかんじるぅ……ヘンになるぅ……！
fem_hiy_00809,あっ、やあっ……！やっ、おにっ……にゃっ、にゃにっ……とつぜん、胸……
fem_hiy_00810,わっ、私が催促したのは、お兄に気持ちよくなって欲しいからで……あっ、やんっ！むっ、むねっ、きもちいいっ……！
fem_hiy_00846,お兄との新年初エッチ、とてもよかった……いっぱい気持ちよくしてもらった……お兄はどうだったかなあ？
fem_hiy_00847,よかったあ。お兄に気持ちよくなってもらえて嬉しい……妃愛はお兄を気持ちよくし隊の隊長なので
fem_hiy_00848,今日もたっくさん幸せにしていただきました。今年もお兄といっぱいしたいな。できる限り二人の時間を作りたいな
fem_hiy_00849,でもえちちの途中に昔の話をするのは、それやっちゃダメなやつ！とてもとても恥ずかしかった！
fem_hiy_00850,それも、初めて自分でブラ買ったときの話とかさー……もう。当時の記憶がよみがえって、ドキドキドキドキした
fem_hiy_00852,そういうのはズルいと思う！ばかお兄！ズルお兄！えちお兄！
fem_hiy_00853,そんなに気を使わなくても大丈夫だよ。当時から今まで、お兄を怖いと思ったことも、身の危険を感じたこともないさ。お兄は私が一番信頼してる人だよ
fem_hiy_00854,それこそ信頼してなければできないさ。お兄はきっと、自分がどんなにしたいときでも、私の都合を優先してくれるだろうからね
fem_hiy_00855,まあ、だから私も……安心して身を任せてしまっているからこそ、私もお兄と同じく、昔の話を持ちだされてよりえちちな気分になってしまったのだけど
fem_hiy_00856,なんかちょっと、いけないことをしている気持ちが膨らんで……
fem_hiy_00857,でも、お兄といけないことをしてると思ったら、むしろ気持ちよくなってしまって……胸がきゅーっと締めつけられて、切なくなってしまって
fem_hiy_00858,恋人になって得たものがいっぱいあるけど、その中にちょっとだけ、家族として失くしたものもある気がする
fem_hiy_00859,でも……切ない気持ちもあるんだけど、それよりも兄と繋がってるとすごく安心できる気持ちが強く…愛情で満たされていって
fem_hiy_00860,ずっと心細かった私が、ようやく辿りつけた居場所兄の側。そんな気持ち
fem_hiy_00861,なので、イケない気持ちと切ない気持ちと、満たされた気持ちでいっぱいになって、とても感じてしまいました
fem_hiy_00863,あ、お兄。おみくじの効果って、１年きりじゃなくて、ずっとなんだって。おみくじは本来、毎年引くものじゃないって書いてある
fem_hiy_00864,今後、ずーっとおみくじを引かなければそうなんだろうねえ。でも来年も引いちゃうんだろうなあ
fem_hiy_00270,おにい～、ちよこれいとぅー。今年はチョコレートプリン～
fem_hiy_00271,私も、今年は特別な想いを込めました
fem_hiy_00272,えへへー、自分でもお気に入りのラッピングできたので嬉ちい
fem_hiy_00273,でも中身も食べてほしいので、お兄がラッピング誉めてくれるなら、食べ終わったあとでまた箱だけ元通りに包むー
fem_hiy_00274,帰りの道路、混んでないといいなあ
fem_hiy_00275,なんだその言いかたは。まるで愛しの妹よりもチョコのほうが大事みたいな
fem_hiy_00276,それはね、お兄が今まで私以外の女の子と縁がなかったからだよ。期待が生じれば悲しみも伴うよ
fem_hiy_00277,ワタクシ今は満たされているので、寂しいという気持ちはないのだけど、それはそれとして、このあとでお兄は自分の置かれている状況を思いしるよ
fem_hiy_00278,ちぇー。私もきょう生徒会のお仕事したかったなーテモテお兄の反応を見たかった
fem_hiy_00279,今夜の戦利品を楽しみにしてる。お兄からメッセージもらえると嬉しいので、余裕があったら状況を逐一教えてね
fem_hiy_00280,では、お仕事行ってまいります
fem_hiy_00281,うん無理。寒いの一番無理。できれば一日布団から出たくない。なんなら布団の中で生活したい
fem_hiy_00282,なんか最近、着る布団みたいなの出たじゃんれ着て外歩きたい
fem_hiy_00283,辞めるいうか普段からあのくらいのカッコしてるしなあ
fem_hiy_00284,そうそう。冬季登頂成功させてやろうと思って壁からがっつり登りに行く
fem_hiy_00285,うん無理。なんなら家から一歩も出たくないっと部屋のお布団にくるまってたい
fem_hiy_00286,直球やめろ、抱くぞ。おまえが特注で作った『縁を結ばない』お守り、チョコレートといっしょに縁結びの神社の賽銭箱へダンクするぞ
fem_hiy_00287,ゆっこだって、お父さんにならチョコあげるでしょ、あげるよね？
fem_hiy_00288,渋いな。や、でも、えびせんあげたくなるのわかるそと手羽先が有名な例の県のえびせん、おいしいよね
fem_hiy_00289,それお父さんにあげるのが目的じゃなくて、最初っからバレンタインにかこつけて自分が食べたいだけのやつじゃねーか！
fem_hiy_00290,なんでせんべい限定なんだよ。いやうちの兄もおせんべいは大好きだけども、今回はチョコレートあげるよ
fem_hiy_00291,うちの兄は甘いもの好きだから、冷蔵庫にチョコレート入れてあるよ。おなかが空いたら勝手に取りだしてぼりぼり食べるよ
fem_hiy_00292,お兄ちゃんへこれはバレンタインのチョコレートなので、発見したら好きなときに食べてねひよこ
fem_hiy_00293,違うの、あれは台本に『バレンタインの話題で繋げてて書いてあったので、ゆっこと二人でここまでならいいかって話しあった結果なの
fem_hiy_00294,それこそ匂わせなんて思われたりすると困るしあれこれ考えたのだけど、家族ネタしか逃げ場はないし、でも私の家族はお兄しかいないので
fem_hiy_00295,私のブラコンキャラも今のところまだ受けもいいので、マネージャーさんともよく話しあった結果……
fem_hiy_00296,金曜日の放課後に……生徒会室を出る前くらい……
fem_hiy_00297,お兄がリアルタイムで聞くとは思ってなかったので、伝えなくてもいいかと……入試のお手伝いしてるはずだったし……聞くなら家に帰ってきてからかなって……
fem_hiy_00298,そそ、そこは、生徒会室で見つけてもらって、驚かせようと……お兄が気づかなければ、明日にでもみんなで食べればいいかなと思って……
fem_hiy_00299,だだ、だって、そっちが本命なので。生徒会室に隠したほうは、見つけてもらえなかったら当日に食べてもらえないので。それだと困るので
fem_hiy_00300,しゅ、収録の時点では、まだプリンを作るか未定だったので。とりあえず先に用意したひよこのチョコの話を
fem_hiy_00301,お兄がみんなにいっぱいチョコを貰って喜んでる姿を想像したら、自分がその場にいられないのが寂しくての存在を忘れずにいてもらおうと仕込みました
fem_hiy_00302,でもあにょ、ほんとに生徒会室でラジオを聞くとは思っていなくて。それはほんとに偶然。ほんと
fem_hiy_00303,見つからなくてもいいかーって思ってたのもほんとで……でもちょっとだけ、ちょっとだけ自分の存在をアピールしたくて。それは嫉妬などではなくて
fem_hiy_00304,楽しそうにしているお兄と、そこに自分の姿だけがない生徒会室を思いうかべたら、途端に寂しくなって。もしお兄が私の存在を見つけてくれたら嬉しいなって
fem_hiy_00305,つまりは、お兄に一瞬でも忘れられてしまう寂しさえきれず仕込みました。許してください
fem_hiy_00307,最近のお兄は妹に対する配慮がいささか欠けてはおりませんか。ワタクシ大変恥ずかしい思いばかりしているのですが
fem_hiy_00308,全てを察しているのなら、こんな問いつめるような真似をしなくても、愛しさだけを胸に秘めて、そっと抱きしめてくれれば良いではありませんか
fem_hiy_00309,大丈夫だよと言いつつ、他にもいっぱいチョコをもらったくせに
fem_hiy_00310,これは一体どういうことだ。私に寂しい思いをさせないという話だったのでは。意地悪お兄
fem_hiy_00313,な、なぜゆえ今日はそんなにストレートな言葉で私を喜ばせるのでふか。わたくしもう頭がクラクラして心がドキドキして立っているのもやっとなのですが
fem_hiy_00314,はい。引かれてないか心配でしたが、喜んでいただけたのなら何よりです。そして私もお兄が大好きです
fem_hiy_00315,ところでホワイトデーは全員に３倍返しだねえの女の子へのお返しなので、私はなにも手伝わないしアドバイスもしないよくふふ
fem_hiy_00316,おおー、今年１年は錦さんと同じ釜の飯を食せるのかあ。これは楽しく過ごせそうだあ
fem_hiy_00317,飯田さんと私、出席番号が前後だね。レポート用紙が足りなくなったときはよろしく頼むぜ！
fem_hiy_00318,いまとても肝心なところだったので！私のグッズ族の記念品扱いだなんてひどいわ！
fem_hiy_00319,嫁になどいかぬ……結婚なんてしない……わたし、将来はお兄ちゃんのお嫁さんになゆ……
fem_hiy_00320,うへへへうひへへへうちの兄が素敵すぎてちゅらい……こんな兄を婿には出さぬ……誰にもやらぬぞ……お兄ちゃんとおうちで一生いっしょにすごす……
fem_hiy_00321,わかりますわかります。私もキャラ作りの一環として、意識してひよひよ言ってますし
fem_hiy_00322,私は仕事の都合上、たとえちょっぴり恥ずかしくても、心を鬼にしてひよひよ言っているのです
fem_hiy_00323,ねえ、錦さんもそういうのあるよねえ？
fem_hiy_00324,飯田さんの『いいな』はごく普通に使う範囲の言葉だし、ぜんぜんおかしくないよ。かわいいくらいだよ
fem_hiy_00325,私に？憧れとな？いやあ照れるなあ。幻滅させてないとよいのだけどガハハ
fem_hiy_00328,やーぜんぜん。表に立つのは怖い、でも役者の道を目指したいって理由で、声のお仕事に就きたいってかたもなんだかんだ多いし
fem_hiy_00329,もちろん動機としてはいくつかある中の一つなのだろうけど、それで声優というお仕事を下に見たりしなければ、なりたい理由としてはアリだと思うんだ
fem_hiy_00330,どういたしまして。こちらこそ、何度もかわいいと言われてありがとうだよ。照れてしまった、うひぃ
fem_hiy_00331,面と向かってこんなにストレートな『かわいい』をぶつけられることはさほどないねえ。それも女の子から
fem_hiy_00332,私の努力を認めてくれてありがとう。これでもう私たちズッ友だよ☆
fem_hiy_00333,わあー今川焼きおいしそうだなあ、いただきます。ねー、ほんといい子ばかりが集まってくれて。うちの兄は幸せ者でさあ
fem_hiy_00334,私も今はお兄とのんびり過ごしたいです
fem_hiy_00335,今月はお兄の誕生日があるねえ
fem_hiy_00336,私も忘れてないよ。去年の私の誕生日には、お兄が素敵な準備をいっぱいしてくれていたねえ
fem_hiy_00337,一生で一番素敵な思い出と言える誕生日でしたともの時点で人生の最良だった日を挙げろと言われたら、迷いなく真っ先に選ぶほど素敵な一日だったなあ
fem_hiy_00338,なのでこの１年、お兄の誕生日を心待ちにしていたよ。いっぱいお祝いしないとねえ
fem_hiy_00339,お兄へのプレゼントはもうだいたい決めてあるんだー。お兄が喜んでくれるか楽しみだなあ
fem_hiy_00340,ではここいらで本日のメインイベント、さんざんもったいつけてきたお兄ちゃんへのプレゼントを発表したいと思います
fem_hiy_00341,私がお兄ちゃんにプレゼントしたい品目は『スーツ』です！
fem_hiy_00342,食べておいしいスイーツでも座って楽しいスツールでもなく、お兄ちゃんが着るためのかっちょいいスーツです！
fem_hiy_00343,変身用のスーツではないよ。お兄ちゃんが来年、大学の入学式に着ていくためのスーツだよ
fem_hiy_00344,私がいただいたものと同じアイテムを贈りかえそうかとも思ったのだけど、それはいずれお兄ちゃんが用意してくれるようなので
fem_hiy_00345,お兄ちゃんの贈り物は私をひとつ大人にしてくれたので、今度はお兄ちゃんが大人になるのを私が手伝おうかなって
fem_hiy_00346,それとスーツを着たお兄ちゃんはめちゃくちゃ格好いい予定なので、晴れ姿に自分の好みをちょっぴり加えてしまいたい欲もある
fem_hiy_00347,それはもうそれはもう、望むところですとも兄ちゃんの着る服を私好みにしてしまうなんて最高
fem_hiy_00348,とはいえ私も、お洋服のお勉強はそこそこがんばっているものの、メンズの服はさっぱりなので
fem_hiy_00349,そのうえスーツなんて、アルルマーニだったりダダンヒルだったりの超有名どこしか知らないので、お兄ちゃんといっしょに一から探すかんじになりそう
fem_hiy_00350,それなりに時間がかかりそうなら、何日かかけてゆっくり探すのでもいいかも？
fem_hiy_00351,再来年使えばよいじゃないの。というかね、お兄ちゃんの重圧になってしまうのなら、ホワイトデーのお返しにしてもよいよ
fem_hiy_00352,ちょっぴり調べたら、スーツにも春夏ものと秋冬ものがあるようなので、もしかすると今の時期は４月に着るスーツが売ってないかもしれないし
fem_hiy_00353,それなら私もお兄ちゃんに合わせて、ミリさんみたいな大人の格好してみようかしら。きっと妖艶な大人の色香が溢れすぎてしまうわね、うふん
fem_hiy_00355,あるにはあるけど、できればいろんなお店見たいよね。珍宿まで行く？
fem_hiy_00356,お兄ちゃーん、どおー？どうぉー？ひとりできちんとおスーツ着られたー？
fem_hiy_00357,ふあっ、ふああああああー！おにっ……お兄ちゃんのスーツ姿、立派……！ぜんぜん制服と違う！いつもと雰囲気まったく異なる！
fem_hiy_00358,うへへへ～、お兄ちゃんの社会人姿を全世界の誰よりも先に目撃してしまったあ……これお兄ちゃん、人生初スーツだよね？ひとりじめ、しゃーわせー
fem_hiy_00359,でも初めて着るのに、お兄ちゃん、ちゃんと着こなせてるねー。もしかして私が知らないだけで、前にもスーツ着たことあったのかな？
fem_hiy_00360,うへへへりっぱ、りっぱー。こうして着ている服を変えてみるだけで、お兄ちゃんが一端の社会人に見えるものだねー
fem_hiy_00361,王道の白シャツもいいし、かわいめにピンクのシャツも似合いそうだし。ダークな黒シャツもいいし、ネクタイと合わせて色んなパターンが楽しめそう
fem_hiy_00362,はあー、お兄ちゃんの成長姿を見ると、これほど晴れ晴れしい気持ちになるとは……少なからずお兄ちゃんを育ててきた自負のある私にとっては望外の喜びだよ
fem_hiy_00363,はっ、そうだ！お兄ちゃんのこの姿を記録に残しておかなければ……今の一瞬を忘れないために！
fem_hiy_00364,お兄ちゃんが今後スーツを着る機会はたくさんあるかもしれないけど、初めてスーツを着た瞬間は今このときにしか存在しないので
fem_hiy_00365,お店の人に『他のお店のスーツと比較したいので』って、写真撮っていいか尋ねたら『お兄ちゃんと試着室の中だけを写すのであればいいですよ』って言われた
fem_hiy_00366,はいでは撮るよ。ポーズとってー
fem_hiy_00367,おーっ、お兄ちゃんもなかなかいい顔するじゃないすがは私と血の繋がった兄妹、俳優になれるよゃあ次は別のポーズで
fem_hiy_00368,いいよお兄、似合ってるよそのスーツ……ぜんぜん決まってないそのキメ顔も、まるで威厳のないそのポーズも、とてもいいよ……
fem_hiy_00369,でも普通の顔でも撮りたいから、初めて配属された部署を訪れる新入社員の気持ちになりきってくれるかな！？あっいい、その緊張した面持ちいいよ……
fem_hiy_00370,はあー、うちの兄に自分で選んだ服を着せるのいいわー……いいお洋服も大事な日に着るおべべも、ぜんぶ私が選んで、ぜんぶ私が用意してあげるからね……
fem_hiy_00371,やーでも……お兄がこの服を着るときは、私から離れていってしまうときだと、以前は覚悟をしていたので……
fem_hiy_00372,お兄の成長は、私から離れていってしまうのと同義だと思っていたので、お兄が晴れの日に着る服をいっしょに選べるのがとても嬉しい
fem_hiy_00373,これからお兄がどんどん大人になっていってしまっても、自分がそのそばにずっといられると信じられるのが嬉しい
fem_hiy_00374,帰ったら、入学式前にお父さんとお母さんにも見せてあげたいねえ。二人とも感動するよ。絶対喜ぶ。めっちゃ誉められる
fem_hiy_00375,お兄、紅茶いれたよー。薔薇の花びらをブレンドしたダージリンですのよホホホ
fem_hiy_00376,やっぱりここのケーキはおいしいねえ。クリームが違うよね、クリームが。千玉にもお店出してくれればいいのになー
fem_hiy_00377,あれ、お兄がなんだかぼんやりしているぞ。もしかして今日は苺を食べたくないのかな？それなら苺が大好きな私に任せて！
fem_hiy_00378,お兄～、今日は先にお風呂入る？いつも私が先に入らせてもらっているので、たまにはお兄がどうかな
fem_hiy_00379,突然恥ずかしいことを言うね
fem_hiy_00380,はあ、恋人らしい過ごしかた。それがいっしょにお風呂入ることかあ
fem_hiy_00381,お兄の誕生日なのだから遠慮しなくてもいいよっしょがいいなら二人で入ろう？
fem_hiy_00382,でもお兄から望まれたのは初めてなのでょっとびっくりした
fem_hiy_00383,お兄、先に入ってる？二人でいっしょに行く？
fem_hiy_00384,お兄が自分でそうしたいと言ったのにだって恥ずかしい！
fem_hiy_00385,ところでミリさん来たりしないかな？お兄の誕生日だし、いつ来てもおかしくなかったり……
fem_hiy_00386,えっちのことには用意周到だ……
fem_hiy_00865,お兄とお風呂入るのいつ以来だろうねーて、ボランティア合宿でいっしょに入ったんだっけ、知らなかったけど
fem_hiy_00866,むかし、お風呂にひよこのおもちゃあったよね、あれすごく好きだった
fem_hiy_00867,えっあれ！？あれってアヒルだったっけの記憶だとひよこなんだけどなあ……
fem_hiy_00868,うーん、ひよこだった気がする……
fem_hiy_00869,ううん、捨てられちゃったよ。私がクチバシのところ割っちゃって……ほらあのおもちゃ、先っちょがちょっと歪んでて、アヒル口してたから……
fem_hiy_00870,そういえばクチバシがアヒル口だったのおもちゃ、アヒルだ！
fem_hiy_00871,お母さんが何も言わずに捨てたから、私、大泣きしたんだよね。『ひよりのアヒルさんかえして』って
fem_hiy_00872,私は自分をあんまりいい子だと思ってないけど、言うても３歳のころの話だし、情状酌量の余地はあるかなあ
fem_hiy_00873,と言っても、今すぐ返してって私がしつこく言うものだから、お母さんを困らせてしまって。やっぱりいい子ではなかったかもしれない
fem_hiy_00874,お母さんは謝ってくれたけど、私があまりにしつこいので『自分で壊したものをまたすぐに買ってもらえると思っちゃいけません』って。叱られてしまったよ
fem_hiy_00875,それでも『妃愛の大事なものを黙って捨ててごめんね』と言ってくれたので、私もごめんなさいして。反省して同じものをせがむのはやめまちた
fem_hiy_00876,私はお利口ぶっていたので、自分がそんな我儘言ったのをお兄に知られたくなかったからねえ。お母さんが言わずにいてくれたのだと思う
fem_hiy_00877,いやあお兄と二人でお風呂に入ってみるものだね母さんがしてくれた子どものころの気遣いをこの歳になって知るとは
fem_hiy_00878,というかお兄とお風呂入ってるのに、めっちゃ普通に家族の話してるね、私。おかしい、こんなはずでは
fem_hiy_00879,ん、え？あれちょっと理解が追いつかない。お兄が私といっしょにお風呂へ入ろうと思った理由とは？
fem_hiy_00880,でもそういえば、付きあってから今まで、お兄とお風呂入ったことなかったね。半分冗談半分本気で、何度かお兄を誘ってみた覚えがある
fem_hiy_00881,うん、めっちゃドキドキするねえ。私もそう思って前に勇気を出してお兄を誘ってみたのだけど
fem_hiy_00882,あー、それは……というか私、いまめっちゃ家族の温度でお話ししてるね。しまった、やってしまった
fem_hiy_00883,あれ、ほんとだ！お兄のしょこが、おっきくなってる！
fem_hiy_00884,はあー、私が昔話をしているのに、お兄がえちちな気分に……えっ、ちょっとびっくり
fem_hiy_00885,あっいあぜんぜん！？むしろ二人でえちちな気持ちになりたくて、私も前にお兄を誘ったのだし！？
fem_hiy_00886,ああでも、そういうのかあ……お兄の言ってることの意味がわかった。おうちの中で、思い出話してるのに人の気持ちに、かあ……
fem_hiy_00887,それでお兄の答えは？いまの気持ちはどっち？
fem_hiy_00888,うれちぃ。お兄が妹を好きになっちゃうヘンタイさんでよかった
fem_hiy_00889,私もお兄をお兄のまま好き。えちシたい。お兄ちゃんにえっちなことして欲しい。されたい
fem_hiy_00890,私が泣いてるときに抱きしめてくれたお兄の頼りがいのある手で、私の身体の色んなところを触ってほしいやらしいことされたい
fem_hiy_00891,もうとっくにバレてるけど、妃愛はお兄にあれこれされてしまう自分を想像して一人でシてしまう悪い子です。私にえっちなことしてくだちゃい
fem_hiy_00969,お風呂場でお兄とがっつりえっちをしてしまった……
fem_hiy_00970,これからもお兄とお風呂場でえっちするのかなあ…常生活と恋人の時間の境界が曖昧になりそうで心配
fem_hiy_00971,だけど、そんなただれた生活にもちょっと憧れあるみの日はお兄とふたりで一日中裸のままいちゃついてみたかったりくふふ
fem_hiy_00972,あれま。えっちをした直後に、これはまたロマンのないお言葉を。まあうん、なんとなくわかるけど……人には言えない関係なのだし、羽目を外しすぎるのもね
fem_hiy_00973,終わるね！添い寝は説明できたけど、お風呂をいっしょに入るのはいけないね！どんなに私が一人では怖いからと言っても！
fem_hiy_00974,それは大変よくないね。私たちを気にかけてくれているというのに。まあ今までだっていっしょにお風呂入ってたわけではないもんね
fem_hiy_00975,はあー、お風呂で身体を温めつつ、安心できる相手に心から寄りかかるのが、これほど心地よいとは…ゃーわせー
fem_hiy_00976,普段は駄目でも、１年のうち特別な日の一度か二度はこうしてお風呂に二人で入れたらいいなあ……
fem_hiy_00977,今日はお兄の誕生日だから、次は私の誕生日かなあっそのこと温泉貸し切りで使わせてもらうのもいいねえ
fem_hiy_00978,またひとつ生きる喜びが増えてしまった。誕生日当日はみんなとお祝いするだろうから、私の誕生日に温泉行くとしても翌週の土日などかな
fem_hiy_00979,来年のお兄の誕生日も楽しみ。いい温泉とお部屋見つけるからね。また二人でお風呂に入って、いっぱいお祝いする
fem_hiy_00980,今日という日はこれからさき一生忘れられそうにないなあ。いっしょにお風呂入りました記念。付きあって初めてのお兄の誕生日。あらためておめでとー
fem_hiy_00981,ぜんぶ裸でぴったんこするの、子どものとき以来かもしれない
fem_hiy_00982,こんなのお風呂場でしかできないねー。お部屋で全裸はちょっと恥ずかしい
fem_hiy_00387,映画のオファーが来たぜ
fem_hiy_00388,オーディションあるのかなと思っていたら、ご指名だったのでびっくり。『やります』と答えて、いまマネージャーさんがスケジュールの調整ちうー
fem_hiy_00389,監督さん面識あるかたなのでよかった。私が子役やってたころは演出家だった人でね。ほら『僕のお父さんを寝取らないで』のときの
fem_hiy_00390,覚えててくれる人がいれば嬉しいねえ。ただ、いらぬ気遣いではあるんだけど、声のお仕事やアニメ作品が実写より下ーみたいな扱いを受けなければいいなあ
fem_hiy_00391,とはいえ全ての人の反応に目を光らせてあれこれ気にかけるのも、心の負担が増えるばかりでキリがないしね。今のは余計だった、忘れよう忘れて
fem_hiy_00392,生徒会のみんなも交えてお仕事できるまたとない機会なのだから、良い反応をいただけるよう精一杯前向きにがんばろう！よしこれだ！
fem_hiy_00393,なんだか気持ち的には去年の文化祭を思いだすなあ仕事ではあるんだけど、生徒会のみんなとの関わりもあるので、純粋に楽しんでる感ある
fem_hiy_00394,あ、文化祭と言えば。これ何気なくずっと気にしてたのだけど、今年の文化祭は何もしなくていいの？
fem_hiy_00395,他の学園の会長さん？に、来年も期待されてると言われてるんじゃなかったっけ？
fem_hiy_00396,そっかあ。ちょっと寂しい気もするけど、確かに生徒会が朗読劇やったのも『なんで？』って聞かれたらっきりした理由はないもんねえ
fem_hiy_00397,心はまだまだ生徒会の一員のつもりなので、お兄のためなら、私は今年もなんだってするよ
fem_hiy_00398,そか。生徒会のみんなで話しあった結果なら。いやあごめんね寂しいなどと言って。今年もなにかお手伝いできるかなと、考えていたりもしたからさ
fem_hiy_00400,お仕事はもちろん真剣にやるけれども、それよりもいま、お兄が私を大切にしてくれなかった？
fem_hiy_00401,お兄が私に関わることで嫉妬の感情を抱いた……？
fem_hiy_00402,おにい好きー！大好きー！私はお兄だけがこの世の男性の中でたった一人好きー！
fem_hiy_00403,お兄も知ってると思うけど、私はお兄以外の男性はすべて絵の中の生き物だと思っているよ。動いてしゃべる看板だよ。文字通り住んでいる次元が違うよ
fem_hiy_00404,あーでも二次元に恋できる人は普通にいるからなあうだ、お兄以外の男性はみんな点と線だよ次元の存在だよ。声だけはするけど存在は線だよ
fem_hiy_00405,やあーんもう、お兄から大切にされてるぅー！宝物みたいに扱われてるぅー！うへへへこれは大事件ですよ、顔がにやけてしまいますなあ
fem_hiy_00406,お兄ちゅき。やだもう、このままではお仕事行けない。お兄と離れたくない。一日中こうしてくっついてたい
fem_hiy_00407,帰ったらいっぱいぎゅうしてくれると約束してくれれば、それを楽しみに、なんとか夜まで我慢できるかもしれない
fem_hiy_00412,お兄にとても優しいキスをされてしまった…のまま、ずっと、ずうーっとキスしていたかった……
fem_hiy_00413,でも約束なので、続きは夜まで我慢するよ！それはもう耐えきれないほどの我慢なので、夜になったらぜんぶ解放して、１秒たりとも離れないけども！
fem_hiy_00414,お兄ちゅき～、大ちゅき～。自分の兄が好きすぎてが幸せで満たされてしまうぅ～
fem_hiy_00415,なんのしがらみもなく毎日いっしょに過ごせる幸せ～。うちへ帰ればお兄がそこにいてくれる幸せ～妹ってさいこぅー
fem_hiy_00416,あっやばい私いまおでこ真っ赤になってる分ほど部屋へ引きこもるので、お兄ごめんょっと時間稼いでて
fem_hiy_00417,いやあ、すみません準備に時間がかかってしまってれでは今日もがんばってお仕事いきましょうろしくお願いしまーす
fem_hiy_00418,おっはようございまーす！生徒会役員ではありませんが、今日もお仕事のお手伝いにやってまいりましたー！いやー、収録がバラしになっちゃってさー
fem_hiy_00419,えっ、あれ……なんだろこの、過剰にびっくりされた感。確かに今日はお休みと伝えてあったけども……というか詩桜先輩？取材は終わったのでは？
fem_hiy_00420,その番組見ました！詩桜先輩、テレビ映りいいですよねえ。富良地アナと並んでも、全く見劣りしてませんでした
fem_hiy_00421,詩桜先輩はお綺麗なので、映画のちょい役ででも出演すれば人気出そうなのに。そういうのを嫌がる気持ちもわかるので、これ以上は言いませんが
fem_hiy_00422,それで今は、なんの話をしていたんです？うちの兄の声が聞こえました
fem_hiy_00423,えっ。それじゃあほんとにテレビ映りの感想を聞きたくて、講義を終えてからここまで来たんですか？
fem_hiy_00424,ああ！そういえば説明もしないまま、当たり前のようにお茶いただいてました。今日ラジオの収録だったんですけど、共演者が体調崩しまして
fem_hiy_00425,ですです。なんか高熱出てしまったみたいで。いちおメッセージは飛ばしたんですけど、返事もないので、本格的に体調悪いのだと思います
fem_hiy_00426,マネージャーさんいわく、病院に行って、血液検査をして異常はなかったので、大きな病気ではないとのことなんですけどね。とはいえ私もちょいと心配です
fem_hiy_00427,喉風邪じゃないかなあというお話しで……何事もなく回復してくれるとよいのですが
fem_hiy_00428,いやあ同じ事務所ってだけで、直接会ったりしたわけじゃないからね。ラジオの収録も２週間おきなので、私がゆっこちゃんと会ったの先々週だし
fem_hiy_00429,あああごめんなさい。リスケと言えばいいのでしょうか、収録の予定をなかったことにして、スケジュールを組みなおすかんじです
fem_hiy_00430,みんなで固まってお話ししていたような？
fem_hiy_00431,実は私、修学旅行や移動教室にぜんぜん参加できなかった子なので、ボランティア合宿めっちゃ楽しかったんですよねへへ
fem_hiy_00432,違う違う！そんな美談にしないで！仕事があっただけ！まあ修学旅行も授業の一環なんだから行けよって意味で、家に残るのも美談ではないしねえ
fem_hiy_00433,んもうぅ～、お兄ちゃんったら、すぐ私をブラコン扱いするぅ～。私に愛されたい気持ちはわかるけど、みんなの前で恥ずかちー！
fem_hiy_00434,お兄ちゃんが期待してるほど、私はお兄ちゃんべったりではないよ。残念で・し・た☆
fem_hiy_00435,うえええん錦しゃん、先輩がたが私をいじめるぅ～
fem_hiy_00436,さすがだぜあすみ、実質私の妻なだけはある。君だけが私の理解者だ、愛してるぜ
fem_hiy_00439,私もみんなとお友だちなので。平等に権利はあるはずなので
fem_hiy_00440,早いもの勝ちで、覚悟を決めたのが同時なら、出会った順と言っていたので。私は誰よりもお兄と出会ったのが早いので
fem_hiy_00441,お兄が優しいので、私ももう大丈夫。ちょっとだけ寂しいのは、みんなとハンバーガー食べられないせい
fem_hiy_00442,放課後に生徒会のお友だちとハンバーガーなんて、理想的な学園生活だあね。私は体験できないものだと思っていたよ
fem_hiy_00443,お兄。ちょっとだけぎゅうしてもいいかなあ。私から
fem_hiy_00444,帰ったらめっちゃぎゅうするぅ～……
fem_hiy_00445,あ、そ、そだ！ゆっこちゃん無事でした滴打ったら熱かなり下がったそうです
fem_hiy_00446,お兄にモテ期が訪れてしまった。今回嫉妬のような感情はないのだけど、こと恋愛に関しては、自分がお兄を独り占めしてしまっているので複雑
fem_hiy_00447,神田さんがわざとパンツ見せたわけじゃないよって説明してるあたりから
fem_hiy_00449,うああー、だからあれほど怠け者のままでいてとお願いしたのにぃー。私の大切なお兄が、どこへ出しても恥ずかしくない兄に変貌を遂げてしまうー
fem_hiy_00450,お兄は生徒会長めっちゃがんばっているので、生徒会のお仕事から関わりを持った皆さまにしてみれば、当然素敵な男性として目に映るよね。とても自然な結果
fem_hiy_00451,私としてはそんな兄を誇らしく思うとともに、どうか私の大好きなお兄に目を付けないで奪わないで持っていかないでと複雑な心境になるう゛う゛う゛う゛ぅ゛ー
fem_hiy_00452,これが何の不安も抱かずに済む相手ならともかく、お兄の周りにいるのはみんな性格のいい子なので。錦さんが類は友を呼ぶせいだよ。あの子ほら、天使なので
fem_hiy_00453,錦さんは本物の天使の疑いがあるけど、神田さんや飯田さんもそれに準ずるほどいい子。こんな人間不信の私でもお友だちにしてもらえそうなくらい
fem_hiy_00454,と言っても、お兄が人間的に魅力のある女の子たちから認められるのは、それはそれで嬉しい。見せびらかしたいのではなく母性的な目線で
fem_hiy_00456,私は兄馬鹿である自覚はあるので！妃愛はお兄ちゃん大好き、一生自慢したい
fem_hiy_00457,おっ新説？自分のモテ期に心当たりが？それもお兄自身が己り自覚しているとは。どんな魅力が女の子たちに刺さったのかな、おしえておしえてー
fem_hiy_00459,あっでも、私だけじゃなくて錦さんも普段からお兄を誉めちぎってる。私悪くない。私だけのせいじゃない
fem_hiy_00460,明日からあの子たちにお兄の秘密を全部バラそう司に足コキ強要される寝取られものの同人誌買ってたよって言えばドン引いてくれるかな！？
fem_hiy_00461,そうだ、妹もののエロ同人誌買ってたってバラそうれで充分ドン引いてくれそうだし、私のガチ勢なんだというのも伝わるはず
fem_hiy_00462,私もお兄を下げる発言を自らするのは望んでないので、相手から聞かれなければ言わないよ
fem_hiy_00463,そういう自覚のない発言が一番切なくなる
fem_hiy_00464,同じクラスにいるからわかるけど、錦さんはもちろん、神田さんも飯田さんも、お兄と話すときと他の男子と話すときでは、まるで対応違うからね？
fem_hiy_00465,飯田さんは神田さんに隠れて男子と話さないので、唯一話せる相手がお兄だけ。錦さんに至っては、男子どころか私たち以外とほぼ会話してないくらいだし
fem_hiy_00466,神田さんは同年代の男の子に本気で興味がないみたいで、めっちゃさっぱりした話しかたするねえ。お兄と話してるときと比べたら
fem_hiy_00467,神田さん、明るくてノリがいい上にあの見た目なので人気はあるみたいだけど、同い年以下の男子は小学生くらいに思ってるみたいで
fem_hiy_00468,なんかちょっと相手が気を引くための会話を試みても、慈愛に満ちた微笑みでめっちゃ聖母の顔してるい保母さんになれるよ
fem_hiy_00469,そもそも今日のアレだって、教室では絶対中身見せないからね。スカートの中が見えない角度を完全に把握して隠してるし
fem_hiy_00470,なーので『わざと見せたわけではない』けど『見せてもいい相手ではある』ってことだよね。それだけ気を許してる相手って意味でもあるし
fem_hiy_00471,そもそもねー、お兄にもお気に入りのパンツと普段穿きのパンツがあると思うけど、特別なにもない日に良いおパンツなどなかなか穿かないものですよ
fem_hiy_00472,素材や形状が把握できるほどまでに凝視したんか
fem_hiy_00473,飯田さん相手に嘘は言わないだろうし、ほんとにわざとではないと思うよ。となると逆に、いつ見られてもいいようにしてたってことでー……
fem_hiy_00474,お兄と会う日は気合いを入れていた、つまり毎日が本気パンツってことだあね。はあー、うちのお兄はモテモテだあ
fem_hiy_00475,それねー。たまたま出会ったのが先だった問題。そもそも初対面での友人恋人の振りわけで、恋愛対象として認識されてる時点で相性チェックに成功してるよね
fem_hiy_00476,その上で、半年以上も相性チェックに成功し続けてるわけだから、それはもう『年上の誰か』から『お兄という個人』へ認識が移行するのに充分な期間だよね
fem_hiy_00477,自慢の兄が人気者すぎて、お兄ちゃん大好きっ子の妃愛は切なくていつも不安で仕方ないの。ぎゅうして安心させて
fem_hiy_00478,ありがとぅー。お兄はいつも私の欲しい言葉で、私を安心させてくれるね。こんな兄を恋人に持てて妃愛は幸せ者です
fem_hiy_00479,ところで結局、お兄は神田さんのおパンツを凝視したの？
fem_hiy_00480,フフフそんなに固くならなくても、人様のパンツを見た程度で怒ったりはしないよ。ところでお兄、私のパンツは見たい？
fem_hiy_00483,おかゆを作るどうこう以前に、お兄がお米を炊くなんて……何合炊いたか心配だなあ
fem_hiy_00485,ありがとう……お兄の作ったおかゆなんて初めて食べるので、ときめくぅ……
fem_hiy_00486,食べられるけど、お兄に食べさせてほしいので甘えるぅー……あーん
fem_hiy_00487,はあー、久しぶりの自分のお布団は、なんだか心持ち冷たい。ベッドがとても広く感じる
fem_hiy_00488,お兄と別々に寝るの、本当に久しぶりだねえ…年ぶりかもしれない
fem_hiy_00489,うーん……でもお兄に気を使わせてしまいそうなので、治るまで大人しくしておく……
fem_hiy_00490,ほんと夏休み中でよかった……風邪引くのがあと１週間ずれてたら、お兄を遅刻させてしまうところだった
fem_hiy_00491,そんな、３年生の大切な時期に……これからただでさえ文化祭の運営で忙しくなるのに
fem_hiy_00493,お兄が作ってくれたおかゆおいしかった……でも、お兄が身動きとれなくて大変なら、そうだね……ミリさんに相談してみよっか
fem_hiy_00494,お兄が出かけてる間だけでも居てもらえれば……
fem_hiy_00495,うん、それなら……今日はお兄に看病してもらうし明日になって悪くなってたら、ミリさんに助けてもらおうかな……
fem_hiy_00496,わあ、みかんは嬉しい……食べる食べたい。ありがとう、お兄。大好き
fem_hiy_00497,お薬は好きじゃない……早く治したいので飲むけれど
fem_hiy_00498,ゆっこちゃんからメッセージきたので返信してる……ちょっと調子よくなってきた
fem_hiy_00499,先月ゆっこが風邪引いたときに『プロ意識が足りーんて説教したので、いま私が説教されてる
fem_hiy_00500,まあ９割がた私の身体を心配してくれるメッセージだけどね。優しくてどちゃくそ格好いいお兄ちゃんが看病に来てくれたのでここまで……っと
fem_hiy_00501,やったあ、おいしそう。夏にみかんが食べられるなんてねえ。子どものころは、風邪を引いたら缶詰だった気がする
fem_hiy_00502,お父さんお母さんが、私の健康管理にはとても気を使っていたからね。お仕事をお休みしてしまうと、あれこれ言われてしまうので
fem_hiy_00503,いやあ、あの人はむしろ頭を下げていた側で……共演者さんや、スタッフさんに。お母さんは現場まで付いてきてくれていたので
fem_hiy_00504,と言っても、みなさんそれぞれお忙しいのに、スケジュールを狂わせるのはね。その場で脚本書きなおされたりするし
fem_hiy_00505,なので一度やらかしてからは、ちょっとやそっとしんどくても、現場でファンデ塗ってもらって、無理してお仕事したりはしていたね
fem_hiy_00506,お母さんは体調が悪ければ休ませるつもりでいたけど、結局のところ私が大丈夫と言ってしまったら、事がお仕事なので強硬に反対はできなかったし
fem_hiy_00507,微熱があっても、じゃあ体温測ってみようってなったときに、冷たいペットボトルを脇にあててから測ればごまかせたり
fem_hiy_00508,ごめんなちゃい。お仕事するのに懸命だったのです度現場に迷惑をかけた役者は、すぐに居場所がなくなる現実を目の当たりにしてきたので
fem_hiy_00509,マネージャーさんも私の身体を大切にはしてくれるけど、私自身がお仕事したいと言えば、その言葉を優先する人だしね
fem_hiy_00510,そんなわけで、ちょっとくらい体調悪くても、家では元気なフリしてた。と言っても、あまり体調崩したこと自体がなかったけどね
fem_hiy_00511,あーいやいや、そんなことは……記憶にはないし実際のところはわからないけど、もし私を遊びに誘ったとしてもお兄は悪くないので……
fem_hiy_00512,お兄から謝られてしまったので、私も謝るね。さっき一度やらかしてからはーって言ったけど、その最初のやらかしのときは、本気で高熱を出したときで
fem_hiy_00513,１階の部屋でお母さんがつきっきりの看病してくれたんだけど、お兄がひょっこり現れて、私のおでこをさわってびっくりしてて
fem_hiy_00514,そう、手まで握ってくれたんだよね。だけどあのときの私、最初はお父さんだと勘違いしてて
fem_hiy_00515,あとでお父さんに尋ねたら知らないと言うので、そこで初めてお兄だと気づいたですよ。そういえば手が小さかったなって
fem_hiy_00516,当時の私は、お兄ちゃんがそこまで頼りになるとは思ってなかったので、想像もしなかったというか
fem_hiy_00517,だからごめんね。すごく安心したのに。頼りにならないなどと思っていて
fem_hiy_00518,当時の私に教えてあげたい。私のお兄ちゃんはこんなに頼りになるよって。今では私の看病を任せられるほど頼ってしまっているよって
fem_hiy_00519,や、もう……頼ってすらいないのかな。なにか言われなくても、なにもされなくても、お兄がそこにいてくれるのが当たり前になってる
fem_hiy_00520,ありがとう、お兄。病気のときほど家族のありがたさが身に沁みるね
fem_hiy_00521,苦しかったから頭がぼーっとしてたんだけど、誰かがそこにいるというのがとてもありがたくて
fem_hiy_00522,そのありがたい存在がお父さんではなく……いつも何気なくそこにいた家族だと知って、初めて『お兄ちゃん』を認識したのかもしれない
fem_hiy_00523,それまでは、当たり前のように同じ家で暮らしてて、当たり前のように同じテーブルでごはんを食べる『お兄ちゃんって人』だったから
fem_hiy_00524,お兄はどうかなあ？私のことをお父さんやお母さんと同じ家族だと認識したのは、いつごろからだったかなあ？
fem_hiy_00525,えっうそ！？だって私が生まれたとき、お兄１歳だよ？大切だとか可愛いだとか思うはずないよ
fem_hiy_00526,や、絶対ウソだよそれは。だって１歳で男の子や女の子なんて、ねえ。そういうの家の外へ出るくらいになってから、初めてわかるようになるものじゃないの？
fem_hiy_00527,それって好奇心だったり、単なる興味だったりするんじゃないの？そもそも『妹』がなにかわからないわけだし
fem_hiy_00528,なんで上から目線だ。しかも、なぜにそのほうが偉い風だ。おにょれ、お兄ちゃんなのを笠に着おって
fem_hiy_00529,大変おなかがご立腹だけど、今日は甘えさせてほしいので、素直に食べさせてもらうよ。あー……あむっかんおいちぃ
fem_hiy_00530,ぶぇっくしょぃ！あれ、おかしいな。治ってきたと思ったのに
fem_hiy_00531,もちろん速やかに、かつぶり返さないように治すつもりではいるけど、絶対完治しようと言われるほどの予定が来週あったっけ……はっ！２学期が始まる！
fem_hiy_00533,なんかもう、悪いものが『スカッ！』と抜けていったのがわかる！『スカッ！』って！
fem_hiy_00534,これで今夜からまたお兄の部屋でいっしょに寝られるぅー！ひと晩離れて過ごした分、たっぷり甘えさせてもらっちゃうぞ
fem_hiy_00535,それはうん、気をつけるのだけど、なんというか病気が治ったとき特有の、病気になる前よりも身体がすっきりした感がある
fem_hiy_00536,いやあこれは、お兄の手厚い看病のお陰としか言いようがないね……ではお礼のぎゅうを
fem_hiy_00537,お兄ちゃんは無条件で妹を愛してくれるそうなのでかめさせてもらおうかなって
fem_hiy_00539,今日は私が主役の日なので、お兄にいっぱい甘えてもいいかしら
fem_hiy_00540,お兄といっしょに普通の一日を過ごせれば、それだけで私は幸せなのです
fem_hiy_00541,私のお願いを聞くと言っておきながら、なにか考え事してぜんぜんぎゅうしてくれない……
fem_hiy_00542,えへへへしゃーわせー。でもお兄の態度を見る限り日はこれ以上の幸せを期待してもよいのかしら
fem_hiy_00543,大げさな期待はしないようにしているのだけど、昨日からお兄が真顔になったり、一転してにこにこしたりしているので、楽しくなってきてしまった
fem_hiy_00544,うーんごめんね、めっちゃ出てた。というか今も出てる。そこまでによによされてしまうと、さすがの私も、いつまでもとぼけてるのはねえ
fem_hiy_00545,去年はあれほど丁寧に当日までプレゼントとその内容を隠しきったお兄なのに。今年はわかりやすすぎて、こちらの顔がにやけてしまうのを抑えきれなかった
fem_hiy_00546,私のほうこそ、黙って楽しみにしていればよかったのだけどね。お兄にじゃれつきたくて言ってしまった
fem_hiy_00547,なので、開きなおって思いきり楽しみにしてしまうことにしたよ。わあーい、今日はお兄にいっぱいお祝いしてもらうんだ！
fem_hiy_00548,プレゼントはぎゅうでよいです。もうずっとくっついてたい。一日中頭撫でつづけて欲しい
fem_hiy_00549,登校なのかなあ。授業を受けに行くわけではないのに。普通にガッコ行くでいいんじゃないかな？
fem_hiy_00550,みんなにお祝いしてもらうのも、お兄のぎゅうと同じくらい好きだし、そろそろ起きるかあ！
fem_hiy_00551,よちよち。家に帰ってきてまた二人きりになったらっぱいくっつこうね
fem_hiy_00552,お兄のぎゅうで目覚めて、お昼はみんなにお祝いしてもらって、帰ってきたらお兄といっぱいいちゃいちゃする！今日は人生最高級の誕生日決定だー！
fem_hiy_00553,お兄に貰った指輪を着けて今日という日を過ごせないのだけが残念……
fem_hiy_00554,ちなみにまだ聞いてなかったのだけど、今日の夜は何が食べたい？お兄の好きなものを作るよ
fem_hiy_00555,お兄はほんとお魚好きだねえ
fem_hiy_00556,お兄ちゃんって鍵持ってるから、使おうと思えば事前の申請ナシでも生徒会室使えるの？
fem_hiy_00557,勉強だったり、生徒会の業務で書き物系のお仕事したいときだったりに便利的な
fem_hiy_00558,でも広々とした空間で勉強できるのはいいよね分を変えて集中したいときはいいかも
fem_hiy_00559,いやあ、私祝っていただく側ですもん、来て『くれて』なんてとんでもないです。来ます来ます喜んで来ます
fem_hiy_00560,それと私、実はお友だち少ないので、お誘いなんて全く。ゆっこはゆっこで忙しい身なので、同時にオフだなんて日はなかなか用意できなくて
fem_hiy_00561,あと詩桜先輩だって出演する映画の原作者様ですもん。今後とも仲良くさせていただかなければげへへ
fem_hiy_00562,ギャグかな？いあまあ、なんとなくサプライズ的ッキリが待ちかまえているのを察することはできるのだけど、来て早々ＳＭプレイを強要されるのはさあ
fem_hiy_00563,困ったなあ、わたしドッキリ仕掛けられる役の才能ないからなあ。今からリアクション考えておかなくちゃ。ちょっぴりわざとらしくても怒らないでね！
fem_hiy_00564,わしゃゲートインする馬か
fem_hiy_00566,あれ、お兄ちゃん？というかみんなは
fem_hiy_00567,えっ、そんなに早く……
fem_hiy_00568,詩桜先輩に……いつ？私のいないとき？
fem_hiy_00569,えっ、みんなって生徒会の……みんな先に読んだの？
fem_hiy_00570,どうしてそういうことするのぉ……
fem_hiy_00571,なんで、そんな大切な手紙、みんなの前で……
fem_hiy_00573,なっ、泣いっ……て、などっ……！
fem_hiy_00574,ないっ、泣いてっ……泣いてないうえええええええん！！！
fem_hiy_00575,おまえら絶対許さん……ううっ、ひっく……おまえら全員、この先ずっと大好きだからなバカヤロウ！
fem_hiy_00576,大好きですとも……ええ大好きですとも、こんな誕生日プレゼントを用意されたら、一生涯大好きになってしまいますとも！
fem_hiy_00577,もういい、みんなの前ではっきり言ってしまおう。私はお兄ちゃんが好きだよ、大好きだよ、めっちゃ好きだよ。ブラコンですよ、ええ私はブラコンですとも
fem_hiy_00578,お兄ちゃんも私に言うことあるよね。ほら
fem_hiy_00579,はっ！錦さん、今のも録音してる？聞き返したいからちゃんと声録って！
fem_hiy_00580,それで、なんであんなことした
fem_hiy_00581,なぜにみんなの前でお手紙読んだ
fem_hiy_00582,笑顔どころか号泣させられましたがな。私あれだけ泣いたの、人生でも去年の誕生日と、そのあとのドラレコ見たときと……あれ、けっこう泣いてる
fem_hiy_00583,でもお兄以外の人の前で泣いたのなんて、演技以外では初めてくらいだからね！それも、ちょっと泣く程度じゃなくてぎゃん泣き
fem_hiy_00584,私は去年まで泣いたことなんてほとんどなかったんだよ。それがお兄と付きあい始めてから、覚えてるだけで３回も
fem_hiy_00585,はあーあ、お兄と付きあってから、私は泣かされてばっかりだ！お兄は女性を泣かせる男な上に家族まで泣かせるひどい人だ
fem_hiy_00586,あ、いや、他の２回はともかく、今日は悲しくて泣いたわけではないよ。あにょ、胸がきゅーっとなって
fem_hiy_00587,でも、お兄が私への気持ちをみんなの前で……恋心は触れないにしても、はっきり好きだと言ってくれたので、びっくりした
fem_hiy_00588,いつだったか、詩桜先輩から質問されたときも私を好きだと言ってくれたけど、最近のお兄は人前でも照れなくなってきたので、あにょ
fem_hiy_00589,みんなの前で好きだと認めてくれた嬉しさと、二人だけの秘密を明かされてしまった寂しさが同居して、ただいま感情がぐわんぐわん乱れまくっているのです
fem_hiy_00590,ありがとう、とても嬉しい。去年とおんなじくらい幸せ
fem_hiy_00591,でもでもやはり大変恥ずかしかったので！顔から業火が出るほど恥ずかしい思いをさせられたので、お兄には責任をとって欲しい
fem_hiy_00592,ほんとは、お兄と温かいごはんを食べて、食後に甘いケーキをつついて、二人でぬくぬくお風呂に入ったりして、日が変わる前までにと考えていたのだけれども
fem_hiy_00593,お手紙を読んでもらってからというもの、頭がふわふわして、身体がぽかぽかして、理性が言うことを聞いてくれないので
fem_hiy_00594,お兄の手紙を不純な気持ちで聞いていたわけではないの。それは信じて
fem_hiy_00595,お兄への愛しさが溢れすぎて、夕食を終えるまで我慢できまてん
fem_hiy_00596,尽くさせてくだちゃい
fem_hiy_00597,お姫様になって、王子様にベッドへ寝かせてもらうのも憧れるのだけど、私はやはり、お兄のお世話をするのが好きなので。生きがいなので
fem_hiy_00598,私の一番の幸せを感じさせてくだちゃい
fem_hiy_00985,私のおぱいは本来の役割を果たす機会など無いと思っていたけれど
fem_hiy_00986,お兄を喜ばせる役割を果たせたのなら本望。うへへ
fem_hiy_00987,ああごめんなちゃい。こんな言いかたをしてえさせてしまったかな
fem_hiy_00988,もっとわかりやすい言いかたをすればよかった。私のおぱいはお兄のおち○ちんを挟むために大きくなりました
fem_hiy_00989,でも真実、私のお胸はお兄だけのものだし、お兄のためのものだし、お兄の好きにしてもらうためにあるようなものだよ
fem_hiy_00990,あ、大っきくなった。これは萎えないんだ、よかった。えいえいむにむに
fem_hiy_00991,前にも話したけど、お胸が大きくなり始めたころはれほどお兄に見られるのを恥ずかしく思っていたのに。今ではお兄から揉まれて喜ぶ体になってしまった
fem_hiy_00992,あっ！お兄のおにんにんがより固くより大きくなった！今の発言はそんなに嬉しかったのかな～？
fem_hiy_00993,私の身体は生まれてからこの先まで、ずうーっとお兄だけのものだよ
fem_hiy_00994,わりと誇張抜きでそのつもりだけど、どうかな～兄のために身も心も運命も人生も捧げるよ
fem_hiy_00995,何度でも言うけど、お兄の妹に生まれてよかったので、それがより実感できた今年は、お兄から誕生日のお祝いをしてもらえるのがとても嬉しい
fem_hiy_00996,去年はお兄のプレゼントと告白にびっくりして生日を喜ぶどころではなかったからね高の誕生日ではあったのだけれど！
fem_hiy_00997,ありがとうー。とても嬉しいので、生まれたことをより実感するために、今日はお兄に尽くすね
fem_hiy_00998,お兄の妹に生まれてよかったと言ったけれど、お兄の恋人にしてもらって、お兄とエッチできたのも、私にとってよかったと言える出来事なので
fem_hiy_00999,その喜びを確かめるには、お兄にいっぱいしてあげて、お兄に気持ちよくなってもらうのがとても大事れが私の誕生日のお祝いにもなるんだよ
fem_hiy_01000,お兄とエッチするとね～、私は一生お兄のそばにいてもいいんだってなるぅ～。お兄と離れなくていいんだって安心できるぅ～。なのでエッチ好き
fem_hiy_01001,というわけで気持ちよかったら気持ちいいと言ってね。私の誕生日なので
fem_hiy_01002,よーし、それでは本気でお兄のおち○ちんをお世話しちゃうぞ。ちなみにぬるぬるあったほうがいい？無いほうが気持ちよかったりする？
fem_hiy_01004,そしてむにむにむにむに
fem_hiy_01005,そんなお兄、私に気を使わないで！ほんとに気持ちいいときだけ教えてくれれば
fem_hiy_01006,またまた。普段はもっと我慢できるでしょーれから時間をかけてたっくさん気持ちよく――
fem_hiy_01008,い、いやあ、それはよいのだけど……こんなに勢いよく噴きだすと、よっぽど気持ちよかったのかなって思えるし……それは嬉しいので……
fem_hiy_01009,あれ？そんなによかった？
fem_hiy_01010,そ、そおかあ、それは嬉しいなあ……妃愛の胸はお兄を気持ちよくするためにあります、えへへ
fem_hiy_01011,えっでも物足りなくない？まだする？できる？
fem_hiy_01012,ほんとだ、おにんぽまだまだ大っきいね。いつも出したらすぐしぼむのに、今日はぜんぜん元気
fem_hiy_01013,では、まだまだしてしまうね。お兄が限界に達するまで何度でもするので、残弾数ゼロになったら言ってね
fem_hiy_01014,胸にもいっぱい出してもらったし、もうつばはいいかなー？このまましごいてしまうね
fem_hiy_01015,お兄の持ってた同人誌。パイズリーの仕方もにかかったあとは、どうすれば喜ぶのかも
fem_hiy_01016,お兄の精液、おいし。おいし
fem_hiy_01017,お兄のおち○ちん、あとで私にも挿れてね。お兄も今日の日に備えたと言っていた通り、私も私の中で受けとめる準備はしてあるので
fem_hiy_01018,ううん、これは私自身の言葉。今日は誕生日なので兄と繋がって、おなかの中に温かい愛情が欲しい
fem_hiy_01019,えーだけどお兄、あんまり強くこすると、またすぐしてしまうしなあ。よわよわのお兄
fem_hiy_01020,私もめっちゃ耐えてた。ベッドの中でお兄からぎゅうされるたびに、エッチのおねだりするの我慢してた
fem_hiy_01021,あれあれ？お兄は弱くないんじゃなかったのかな？ずいぶんといっぱい出ちゃったねえ
fem_hiy_01022,ぢつは、今週のお兄は毎晩おち○ちん大っきくしてるの気づいてまちた
fem_hiy_01023,そんなお兄を煽ろうと、お兄のそこへ足をこすりつけたりしていました。私も我慢するの辛かったけど。えへへ、ごめんなちゃい
fem_hiy_01024,喜んでくれているみたいなので、まだまだ気持ちよくしちゃおうかな？私の誕生日なので、お兄は断ったりしないはず
fem_hiy_01025,今こそ私の本気を見せるとき。２回も出してよわよわになっているお兄のおち○ちんの先をこれでもかとパイズるよ。シュ、シュッ！
fem_hiy_01026,かわいいかわいいお兄のおち○ちん。私専用のものにして、自分の名前書いちゃいたいなあ
fem_hiy_01027,えっいいの？お兄を困らせたくないので本気では書かないけど……お兄、やさしい。嬉しい。ちゅっ
fem_hiy_01028,そっか、今日は私の誕生日だもんね。お兄のおち○ちん貸し切りだあ
fem_hiy_01029,うれち。ちゃんと毎日お世話するからね。お兄のしたいときに、お兄が気持ちよくなりたいときに
fem_hiy_01030,お兄のおち○ちんを隠せる程度の大きさがあってよかった。全体をこすってあげられる
fem_hiy_01031,イキたいときにイッてよいよ。お兄の好きなときに出したい場所へ出してね。他にして欲しいことがあればんでもしたげる
fem_hiy_01032,要求多いな。そして最後のはいかに私とて断固拒否するけども、他のはお兄がしたければ今すぐにでもしてあげられるよ
fem_hiy_01034,今日は私の誕生日なので、いっぱい愛してくだちゃい
fem_hiy_01035,今日はもう幸せすぎて、ワタクシ朝から今の今までずっと笑いっぱなしだもの。１度泣かされてしまったけど、そのときも、本当は笑いたかったので
fem_hiy_01036,誰に聞かれても『いまとても幸せ』って大きな声で言えるよ
fem_hiy_01037,うはあー、つい先ほどまで自分がご奉仕していたので、こうして丁寧に扱われると余計にドキドキしてしまう
fem_hiy_01038,それも、去年と同じ日に去年と同じ場所で、去年と同じ体勢
fem_hiy_01039,わたしにとって大切な初体験の思い出が、お兄にとって曖昧ー。愛する妹と書いて愛妹なのに、あいまいー。もこー
fem_hiy_01040,お兄が私を大切に愛するときは、この体勢なんだなってよくわかった
fem_hiy_01041,お兄が私を丁重に扱おうとしてるのはとてもよく伝わってくる。いま押したおされたときも、すごく優しい力だった。えへへ、お姫様みたいー
fem_hiy_01042,なんでいまその情報を私に与えた？もっかい挟まれたいか？お？側室って単語、今の私にはめっちゃ刺さるデリケートゾーンに位置する言葉ぞ？
fem_hiy_01043,毎回毎回その事実さえ言えば私が堕ちると思っているな？妃愛はちょっと拗ねたので、今日はそれだけじゃ甘い気持ちには戻りません。ぷいっ
fem_hiy_01045,抱いて……もうめっちゃくちゃに抱いて……受験で忙しいのに、そんな準備までして……ありがとう、お兄……
fem_hiy_01046,お兄の字好きぃ～、お兄が私のために書いてくれた文字の一つひとつが嬉しい～、うあああああああん幸せすぎるぅ～、妃愛は世界一幸せな妹です
fem_hiy_01047,いまもうめっちゃ愛されたくなっているので…も身体もお兄を欲しているので。あにょ
fem_hiy_01090,お兄と結婚するぅ……
fem_hiy_01091,毎日エッチするぅ……
fem_hiy_01092,推薦とってくれればよかったのに……生徒会長なんだし……
fem_hiy_01093,お兄とおんなじ大学に、私も行こうかなあ……
fem_hiy_01094,お兄がキャンパスライフを謳歌して、多くの女性がたからちやほやされないか心配になってきた
fem_hiy_01095,いまモテ期にあるのを自覚して欲しい
fem_hiy_01096,一発勝負で、落ちたらそこまでで、挑戦だけしてみようっと。家でお兄の帰りを待つのもいいけど、できるだけ長い時間近くにいたいので
fem_hiy_01097,お父さんお母さんに聞かれたとき、胸を張って幸せだと言えるよう、私は精一杯人生を楽しむね
fem_hiy_01098,と言っても私の楽しい人生はお兄のそばにあるのでうしても後を追いかけてしまうけど、いい？
fem_hiy_01099,じゃあ決まり！来年は撮影と収録の傍ら、受験勉強がんばろうっと
fem_hiy_01100,そしてお兄が在学中、時間のあるうちに、南米か地中海あたりで式挙げるぞー！
fem_hiy_00599,うへへ～、お兄の声がいつでも聞けるぅ～。お兄の声、前から録音させて欲しかったんだあ。でも絶対嫌がるのわかってたからねー。諦めてたんだよねー
fem_hiy_00600,お兄が嫌がることをする妹にはなりたくないのでやめるぅ～
fem_hiy_00601,動画を観るのはやめるので、本物の声を聞きたい好きと言ってくだちゃい。動画では言ってくれたので
fem_hiy_00602,お兄がとても優しい……はああ、今日はもうずうっと顔がにやけてしまうなあ。えへらえへら
fem_hiy_00603,わーいじゃあシャイン的なぶどうのケーキをもらうね！今日は私が誕生日なので！
fem_hiy_00604,ここのケーキ、お店ができたときから気になってたんだよねえ。千玉のスイーツ屋さんも充実してきたねえ
fem_hiy_00605,あむん。ふああっ！お、お兄が素直に食べさせてくれた！今日はとことん優しい……そしておいしい……
fem_hiy_00606,お兄の隣で先ほどの動画を観たら、さすがに照れてしまうかしら
fem_hiy_00607,私が真横にいるときでも、お兄は私の出演してるソシャゲをやっているよ
fem_hiy_00608,照れはするけど、嬉しくて照れるほうだねえ分のお仕事を誉めてもらえてるみたいで
fem_hiy_00609,お兄が自分の絵をＲＴしてくれてると聞いたときの常磐さんや、動画にコメントしてもらってると知った錦さんの照れに近いかも
fem_hiy_00610,なので、お兄が照れくさいだけなのか、本気で嫌がってるのかが、私には判断しづらかったのかも。私にとっては嬉しいことなので。ごめんね
fem_hiy_00611,動画そのものの話もしないほうがいい？
fem_hiy_00612,嬉しかったですよ、嬉しかったですとも。ただんーと、いま話そうとしてたのはねえ。お兄への感謝だけではないと言うか
fem_hiy_00613,や、や、お兄へのありがとうは、これからいっぱい言うつもりなんだけどね。本当に嬉しかったので。でもそれとはまた別の話をしたくて
fem_hiy_00614,お兄が、私への大切な気持ちをあの手紙に込めてくれたのは、痛いほど伝わってきたので、それを事前に明かせるほど生徒会のみんなを信頼してるんだなあって
fem_hiy_00615,あ、いや！そうではなくてね！私も去年、お兄への大切な気持ちを、お兄に聞かせるより早く詩桜先輩に明かしてしまったし！
fem_hiy_00616,私はお兄の文化祭のため、お兄は私の誕生日のためこに違いはないと思うし……
fem_hiy_00617,でも、私の朗読劇は生徒会の公務だったのに対して兄の『私の誕生日のお祝い』という名目は私的なものだから、そこには違いがあるかもしれないね
fem_hiy_00618,やむを得ないという気持ちがあった私と比べて、お兄は自分から信頼して生徒会のみんなに今日の準備を依頼したわけで……
fem_hiy_00619,お兄に信頼できるだけのお友だちができて嬉しい気持ちとともに、どこか寂しい気持ちがあったわけですよ前の私であれば
fem_hiy_00620,だけど今のお兄は、私から離れていったりしないと安心できるので……そんな自信が、この１年で私にもできたので。いっぱい愛してもらったので
fem_hiy_00621,なので、お兄にお友だちができたことを素直に喜ぶのと同時に、感心しているのですよ。や、なにか裏の意味があるわけではなく、そのまんまの意味で
fem_hiy_00622,去年の１１月に立候補して、自分から引きうけた生徒会を運営していく中で、信頼できるお友だちまで見つけたお兄は偉いなあって
fem_hiy_00623,私はあまり人を信じられない自覚があるので、他人に大切な気持ちを告白できるお兄を、純粋にすごいと思うわけだよ
fem_hiy_00624,お兄からプレゼントしてもらった動画を観ていたらしい気持ちと、お兄への感謝と、それともう一つ別の気持ちが浮かんできて
fem_hiy_00625,お兄にお友だちができて、私は素直に感心できたので、もしこの立場が逆になったら、お兄も私に対して同じ気持ちになるのかなあって
fem_hiy_00626,うん。私も自分の意思でやってみようと思って
fem_hiy_00627,他のみんなの気持ち次第だけど、今年の１１月の選挙で、生徒会長に立候補しようと思うんだ
fem_hiy_00628,そんなにびっくり？
fem_hiy_00629,来年は受験勉強のためにお仕事減らすつもりなのでの合間に、今年と同じ業務をするくらいならできそう
fem_hiy_00630,錦さんと神田さんと飯田さんが付きあってくれるなら、信頼してお仕事任せられるし
fem_hiy_00631,ぢつは神田さんと飯田さんは、もう１年生徒会やりたがってたりする。そんな話をときどきしてる
fem_hiy_00632,錦さんは本業のほうがますます忙しくなりそうだけど、私がお願いすれば、あと１年付きあってくれるんじゃないかなあ
fem_hiy_00633,私目当ての男の子が生徒会に立候補しないか心配？
fem_hiy_00634,ちょっと我ながら偉そうではあるんだけど、それはほんとに起こり得る事態で、もしそうなればマネージャーさんが嫌そうな顔をする確信はあるので
fem_hiy_00635,実は少し前に、ミリさんと冗談半分で話したことはあるんだよね。来年の生徒会どうしましょうねーって
fem_hiy_00636,それで、もし私が立候補するなら、立候補の受け付け時間ギリギリまでは、ミリさんが届け出を預かってくれるって
fem_hiy_00637,で、受け付け期限当日の１５時５９分まで男子の立候補がなければ、そこで初めて私の届け出を受理してくれるって言ってくれたよ
fem_hiy_00638,ズルではあるけど、立候補ゼロよりよっぽどいいっリさん笑ってた。なので、甘えてしまおうかと
fem_hiy_00639,ただやっぱり、いまの生徒会役員の誰かしらがいないと不安なので、みんなに相談してからなんだけどね
fem_hiy_00640,と言っても私が素を出して甘えられる相手って、ゆっこ除いて、お兄が間にいてくれてこそ的なところがあるので、現状はお兄の存在ありきなのだけどね
fem_hiy_00641,詩桜先輩や常磐さん、アメリ先輩も、生徒会の外でお仕事をしても仲良くできたので、今後とも良いお友だちでいられそう。お兄つながりで
fem_hiy_00642,でもいずれは、私自身のお友だちと言えるようにうちょっと自分を出すようにして私もがんばってみる
fem_hiy_00643,お兄がやればできるところを見せてくれたように、今度は私の番。家から一歩踏みだした、これからの私を見ててね
fem_hiy_00644,お休みの日はお友だちとお出かけなんてしちゃうかもしれない。でもたまにはお兄も誘うので、そのときはいっしょに行こうね！
fem_hiy_00645,お兄のことを大好きな子しかいないので大丈夫だよ！デレデレされると困るので、妹もののエロＡＳＭＲ買ってた事実は公表するけども
fem_hiy_00646,でもね、みんなとお出かけはするけど、お兄と二人きりの時間も必要なので。楽しみと癒やしはどちらも必要なので
fem_hiy_00647,二人きりで過ごせる休日は、家に閉じこもって過ごそうね
fem_hiy_00673,この度、生徒会長に選ばれた２－Ｃの和泉妃愛です。皆さん、よろしくお願いします
fem_hiy_00674,生徒会には、臨時の副会長として以前に半年ほど参加しました。その際行った活動の数々は、私を再度生徒会へ参加しようと思わせるに足る充実した体験でした
fem_hiy_00675,ボランティア活動による地域の人々との触れあい、応援を通じての各部活動との交わり……そして同じ生徒会の仲間との掛け替えのない団結……
fem_hiy_00676,私が半年のあいだ生徒会へ参加して学んだのは、人と人との結びつきの大切さです。その理念を基に新しい生徒会を運営していくつもりです
fem_hiy_00677,具体的には、皆さんの話によく耳を傾け、先生がたと連携を図り、近隣の学園や地域の皆様と交流し、その一つひとつの体験を皆さんと共有するようにします
fem_hiy_00678,私は新しい生徒の代表として、このダマ学を『人と人とが結びつく』学園にしたいと考えています！
fem_hiy_00679,先代の生徒会長は私の兄でした。手前味噌で恐縮ですが、妹の目から見ても立派に会長を務めていた素敵な兄なので、先代を私個人の目標にしたいと思います
fem_hiy_00680,あーっ、お兄ちゃん！来てくれたんだ、ありがとうー！
fem_hiy_00681,わーいやったあ、今川焼きだあ！私、かぼちゃ餡食べる！
fem_hiy_00682,お兄ねえお兄。今まで通り真ん中へ座るかい？
fem_hiy_00683,おっ、さすがは副会長、しっかりサポートしてくれるねい。頼りにしてるよ、この中で生徒会の経験が一番長いの、こにしきだしね
fem_hiy_00684,『ティーバッグ』ね！『Ｔバック』だと大変な買い物をしてしまったことになるからね！
fem_hiy_00685,いやあもっともらしいことを言ってみただけで、具体的にそれで何するのみたいな施策はノープランなんですけどね。船の向かう方角だけは決めておこうかと
fem_hiy_00686,ふむ、なるほど。良い機会かもしれませんな
fem_hiy_00687,こにしきはこっち
fem_hiy_00688,お兄ちゃん……ううん前生徒会の先輩がた、１年間お疲れさまでした
fem_hiy_00689,先輩がたと過ごした１年間が楽しかったから、また自分たちで後継の生徒会を立ちあげたいと思えました。きっとここに並んでいる４人とも同じ気持ちです
fem_hiy_00690,あとは任せてください！でもときどき遊びに来るついででいいから助けに来てね！
fem_hiy_00691,お兄ちゃん、常磐さん、アメリ先輩、詩桜先輩。ありがとうございました
fem_hiy_00692,お兄ちゃん、お疲れさまでした。やればできる兄だとは知っていたけど、私の想像を超えて、生徒会長のお仕事を立派に務めあげてしまったねえ
fem_hiy_00693,ほほう。それはなんでっしゃろ
fem_hiy_00694,ああ鍵。まだお兄ちゃんが持ってたんだね
fem_hiy_00695,なんかこう青春っぽく、ぎゅうとかしてもいんじゃね？
fem_hiy_00697,ぅ、うへへへへ、お兄にぎゅうされてしまったあ……
fem_hiy_00698,シャラップ！お兄ちゃんのぎゅうは、妹であり会長である私だけの特権です！
fem_hiy_00699,いやあこの映画、実際のところお兄ちゃんといっしょに見るのは複雑だったりするのだけど
fem_hiy_00700,だってほら、別に姿形のあるキャラクターの一部として息を吹きこむのならまだしも、今回は私の顔私の声でお兄ちゃん以外の人をお兄ちゃんと呼ぶわけだし
fem_hiy_00701,演技に私情を挟みはしないけれど、こうして演者を離れて、いちお客様目線で、自分が他人に向けてお兄ちゃん呼びする姿を観せられるのなら話は別だねえ
fem_hiy_00702,お兄ちゃん的にはどう？私が演技で他人をお兄ちゃん呼びしててもぜんぜん気にならない？
fem_hiy_00703,まあそれとは別に映画の内容自体も、これまでの自分の人生を振りかえるみたいで、私的には複雑な心境だよ
fem_hiy_00704,いやあ今回の複雑はもやもやするほうの複雑ではなく。いろいろ思いだしてしまうなあという意味でのふくざつで
fem_hiy_00705,大好きな人のそばにいられる幸せ。えへへ
fem_hiy_00707,はあー。いまとてもしゃーわせー
fem_hiy_00648,――１年生の春、ふわふわと生活していた私が出会った生徒会の友人たちは、同級生も先生も、そして先輩がたも心から尊敬できる人たちでした
fem_hiy_00649,その先輩方とのご縁により、今夏、私はヒロイン役として映画に出演します。もちろん、そのような縁を期待して千玉学園へ入学したわけではないのですが
fem_hiy_00650,人との出会いや繋がりはこれほどまでに面白いものかと驚かされました。そのような一生の思い出に残るほどの縁は、私の人生の中でこの先いくつあるでしょう
fem_hiy_00651,私がこうしてご挨拶させていただいているのも、今この場にいるまだ話したことのない先輩がたとの、縁の一つになるかもしれません
fem_hiy_00652,千玉学園での繋がりが、先輩がたの財産になると私は信じています。また、この先の未来にも、数多くの出会いがあるよう心よりお祈り申しあげます
fem_hiy_00653,先輩がたの前に、輝かしい希望の道が拓けますように。ご卒業、おめでとうございます。在校生代表、生徒会長・和泉妃愛
fem_hiy_00655,最近知りましたけど、ミリさんけっこう泣きますよね。かわいいと思います
fem_hiy_00656,おぅこら、ミリさんと血の繋がってる誰が泣き虫なんじゃい。ありもしない誹謗中傷冒涜は訴えるぞ。こちとら私の代わりに事務所が争うぞ
fem_hiy_00657,立派なだけではなく、とても幸せに暮らしてますともお伝えください。私からもあとで話すつもりですが
fem_hiy_00658,錦さんはー？いっしょに帰らない？
fem_hiy_00659,まだ３月だからねえ。というか季節と時間帯を抜きにしても、ほとんど前がガバ開きの制服を着ていれば、それは寒いでしょうさ
fem_hiy_00660,まあそこはねー。みんなの前で『俺の３年間は妃愛あってのものだった』って言ってくれたのは、妹心にずきゅんときたけどねー
fem_hiy_00661,恋人的なアイテムを人前で堂々と妹に渡せるお兄。それを納得した上で、私に第２を譲ってくれるお友だち。いやあもう、これ以上に理想的な環境はないね！
fem_hiy_00662,なので怒ったり嫉妬したりはしてないのだけど、うちのお兄ちゃんモテるなあと不安になる乙女心だけはわかって。妃愛はまだまだ恋愛においてひよっこなので
fem_hiy_00663,お兄、おねむするー？帰りのバスの中でだいぶ眠そうだったもんね。私もシャワー浴びてから寝るぅー
fem_hiy_00664,えっ。私相手に、ここまでエッチしたくてたまらなそうなお兄の声、初めて聞いた……というか、今……
fem_hiy_00665,いや、いいけども。こんなにあからさまな性欲を私に向けるお兄って珍しいので、ちょ、ちょおーっぴり驚いただけ。あ、ぜんぜん引いてないよ、ほんとに
fem_hiy_00666,お兄、本気で眠そうだったから、エッチしたい気持ちになっているとは予想外だった。まるで想像してなかった。疲れてはない？
fem_hiy_00668,なにされたい？すぐにえちしたい？
fem_hiy_00669,お兄がそのまま寝てもいいように、お部屋いこっか。したあとでシャワー浴びたければ、ふたりでいっしょに浴びよう
fem_hiy_00670,うん、お兄がシャワーを浴びたければ、えっちのあとでいっしょに浴びるけども……
fem_hiy_00671,錦さんに第１ボタンをあげたり、アメリ先輩やかなすけと腕組んだ写真撮ってデレていたり、詩桜先輩の部屋でミリさんや常磐さんの下着見ていたり
fem_hiy_00672,いなたろうの寝顔をおじさん丸出しの目で見守っていたり、おしおきしたい件が多々あるので、お兄はシャワーを浴びる気力もなく疲れてしまうだろうけどね！
fem_hiy_01101,ではではいっぱいしてあげるので。そこへお座り
fem_hiy_01102,シャワー浴びてないので
fem_hiy_01103,条件違う、お兄男の子、わたし女の子。花も恥じらう乙女ですものきゃっ
fem_hiy_01104,あったまきたあったまきた。もう許さないぞ、いっぱい出させてしまおう。もう出ないと懇願されても、おにんにんごしごししてしまおう
fem_hiy_01105,ヘ、ヘンタイ発言を悪びれもせずに……う、うう～ん、朝帰りでシャワーすら浴びてないのは……
fem_hiy_01106,お尻好きなだけなら、シャワー浴びてからでも良いのでは？制服着てほしいのなら着るよ
fem_hiy_01107,それはちょっとわかる
fem_hiy_01108,え～、臭いが心配だなあ、お兄に引かれないか心配だなあ
fem_hiy_01109,んじゅるじゅるじゅるじゅるぅ……
fem_hiy_01110,んじゅるじゅるぅ……んじゅっ、じゅるぅ、ちゅっ……んじゅっ、ちゅぱっ、んじゅるぅ……ちゅっ
fem_hiy_01111,じゅぶっ！じゅっぽ、じゅぱっ、んじゅるぅ……ちゅっ、じゅぱっ、じゅぽっ、んむぅ……じゅぶっ、じゅぶんっ！
fem_hiy_01112,はっ、はあ……うへへへ、お兄をおち○ちんだけにしてしまうのも、これはこれでいいなあ
fem_hiy_01113,それはもうカチカチに固まっていましたもの兄、お口でされるの好きだよねえ
fem_hiy_01114,他の男性を例に出されても、私はお兄以外の男性にとんと興味がないので、お兄が好きかどうかが全てなのだけれど
fem_hiy_01115,もうぅ～、お兄はこの妹をその気にさせるのがうまいなあ。尽くしてしまうぅ～、自分の持てる技術の全てを捧げて悦ばせたくなってしまうぅ～
fem_hiy_01116,んむっ、んむちゅううぅ……んむっ、んむちゅっ、じゅるっ、んむぅ……ちゅっ、れろっ、れろぉ……ちゅむっ、んちゅっ
fem_hiy_01117,じゅむっ、んっちゅ、ちゅうっ！ちゅむっ、れろぉ、ちゅっ……じゅぶっ、んじゅぶっ！じゅぶ、んむぅ……れろろろろ……
fem_hiy_01118,ちゅばっ、ちゅぶっ、んちゅっ……じゅっぷ、ちゅっ、んちゅっ、ちゅっ、んじゅるぅ……じゅぶっ！じゅっぷ、ちゅぷっ
fem_hiy_01119,れろぉ……れろっ、んちゅっ、れろぉ……んっちゅ、ちゅっ……はッ、はあ……お兄のおち○ちんかわいいなあ、ひとり占めしてしまいたいなあ
fem_hiy_01120,うちのお兄はモテモテなので、おち○ちんを他の人に使われるだけなら、ぜんぜん我慢できるんだけどなあ……
fem_hiy_01121,そっちでは、ないッ！
fem_hiy_01122,妃愛は愛のあるエッチを心配しています
fem_hiy_01123,先っちょからちょっぴり出てるね。ちゅっ……ごくん。お兄が気持ちよさそうでうれち、うれち
fem_hiy_01124,お兄、お金だけのエッチはしなそうだけど、１回だけの愛を求めるエッチには弱そうだからなー。思い出に一度きり抱いてくださいなどと言われて
fem_hiy_01125,毎朝ここに私の名前書いてしまおうかな
fem_hiy_01126,誰に見られると言うのか！
fem_hiy_01127,もー、私は旅行先でお兄とエッチしたりはできないというのに。おうちでできるだけでも贅沢なんだけどさー
fem_hiy_01128,あむあむ。妹への配慮が足りないので、ごしごししながら吸いあげます。お兄がまいったと言うまで吸います
fem_hiy_01161,素直に甘えていればいいものを……お兄のおち○ちんに奉仕する健気な妹を虐めようとした罰だよ
fem_hiy_01162,これに懲りたら、お兄は自分がよわよわお兄なのを認めて、今後イクときは『口の中に出す』ではなく『妹の口に出す』と言いなさい
fem_hiy_01163,ちゃんと一言一言に『妹の』『妹に』を付けなさいり引き返せなくなるように、自分は妹としか恋愛できないお兄ちゃんだとよく自覚するのです
fem_hiy_01164,あーでもよかった。今日のお兄はとても上手だったので、私のほうが先にイッてしまうところだった
fem_hiy_01165,でもお兄のおち○ちんがよわよわだったお陰で逃げきれた。残念だったね、お兄。よちよち
fem_hiy_01166,お兄、今日は疲れた？徹夜したあとだし、シャワー浴びてもう寝る？
fem_hiy_01168,あれえええええええ！？
fem_hiy_01169,おっ、おにいっ……いま出したばっかりなのに重くない！？
fem_hiy_01170,軽いのでって、お米持ちあげるのとは違うんだからさあ……
fem_hiy_01171,こんな一気に持ちあげられた記憶はあんまりないなあ。アニメなどで、竜や巨人にひょいとつままれたヒロインの気分
fem_hiy_01172,だっていま私を持ちあげてるのはお兄なので兄の恋人は私。なのでヒロイン役も私
fem_hiy_01173,お兄に抱っこされると安心するなあ。お兄は私の安心の源なので。頼れるお兄ちゃんなので。つよつよのお兄
fem_hiy_01174,なので先ほど少し調子に乗ってしまった件は許していただけないでしょうかひらにひらになにとぞなにとぞ
fem_hiy_01175,わあい、お兄は優しいな。さすがは頼れるお兄ちゃん、大ちゅき
fem_hiy_01176,ところで私を悲しませたくないのであれば、そろそろ下ろして自由にしていただけると。このままでは身動きひとつとれないので
fem_hiy_01177,なにをするつもりだ。私にどんな酷いことをするつもりだ
fem_hiy_01178,えっ、なっ、なに？なぜにもったいつけるような動き？生贄を刺す前のズンドコ的な前置き？
fem_hiy_01223,うーんでも、そう言われてしまうと、私もお兄に尽くしたい気持ちがむくむく湧いてきてしまうんだなあへへへ尽くすのもしてもらうのも好き。お兄ちゅき
fem_hiy_01239,それもいいなあ……
fem_hiy_01240,でも資正が見たらびっくりしそうだし、階段で落とされたら怪我するのでやめとく
fem_hiy_01241,妃、愛、専、用……と
fem_hiy_01242,水性、水性
fem_hiy_01243,だって卒業式終えたわけだし、明日から大学が始まるまで、お兄はずっと家にいるでしょ
fem_hiy_01244,じゃあ今から丁寧に洗ってあげるーっしょにお風呂いこ！
fem_hiy_01245,これから大学が始まる日までは、家の中で何するのもいっしょで、出かけるときもいっしょだからねー
fem_hiy_01246,毎日エッチしようねー。お兄は寝てるだけでいいからねー。たーっくさん甘えさせてあげる
fem_hiy_01247,大学へ行って、女の子に囲まれては困るので、だらしない人間になってしまおうねー。最低限、留年しない程度にがんばってくれればいいので
fem_hiy_01248,ぽかぽか陽気の中、おうちでだらだらしながら２０日間過ごそうねー。逃がさないからねー
fem_hiy_01234,なのに、すっごくきもちいい……おにい、わたし…もちよすぎて……おしっこ出ちゃうかと思った……
fem_hiy_01235,すまたってめっちゃ気持ちいいんだね……わたし、ちょっと舐めてた……
fem_hiy_01236,気持ちよくなる方法を、お兄と二人で新たに開発してしまった……二人同時に目覚めたっていうのが嬉しいなあ
fem_hiy_01237,でも前に私が聞いた覚えのあるすまたは、女の人が男の人にするものだったような？
fem_hiy_01238,であれば、寝ているお兄に奇襲をしかけられそうな予感がする……これから寝起きを楽しみにしててね、お兄
fem_hiy_10029,常磐さんのお誕生日は楽しく過ごせたかい？私に気を使わず、ふたりで夕ごはん食べてくればよかったのに
fem_hiy_10030,お兄は私にとても気を使ってくれるからなあ。それはもちろん嬉しいのだけど、まだお付きあいを始めて間もないのだし、恋人さんを大切にしてね
fem_hiy_10031,私だってお友だちくらいはいるのだし、お兄が遅くなる日はお茶でもしばいてくるからさ。おデートだとかお食事だとかお好きにすればいいよ
fem_hiy_10032,なんならお旅行くらいしてくるがいいさ。お兄が１日いないからって何のことやある。遠慮すんな遠慮すんな
fem_hiy_10033,ぁこれ最終兵器きた！確かに遠慮するなとは言ったけども、おデートだのお旅行だので気を使うなと口走った私が、まるで馬鹿みたい！
fem_hiy_10034,なんて驚いてはみたけれど、や、うん。常磐さんと付きあい始めた時点で、なんとなくそうなるかなと思ってはいたので。来るべきときが来たなあってかんじ
fem_hiy_10035,なんなら在学中に同棲始めると思っていたぜ。卒業までは私に毎朝ごはんを作らせてね
fem_hiy_10036,はえ？なんで？というかどこで暮らすかは、受験を終えてから決めたほうがよいのでは？せめて志望校だったりを見定めてから
fem_hiy_10037,あー資正……あ、あー、それは真剣に考えなければいけない問題だねえ。私はどうしてもって日があるし……
fem_hiy_10038,それは私からもお願いしなくてはいけない問題だねえ……預かっていただく時間分の部屋代は払わなければいけないくらい
fem_hiy_10039,ああいあ、資正のお世話は、今まで任せきりにしすぎてたくらいなので……私だって家族なんだから、少しは自分でもお世話しなければ。当然のことだよ
fem_hiy_10040,だというのに、そこまで考えて協力してくれるのであれば、私が引きとめる理由はありまてん。幸せにおなり
fem_hiy_10041,そっかあ、お兄がこの家を出たあとも、毎日顔は見られるんだ
fem_hiy_10042,ありがとう、資正。私の望みを叶えてくれて
fem_hiy_10001,錦さんと同じクラスになりましてね。いやあ今日ほどクラス分けの結果を見るのに緊張した日はありませんでしたとも
fem_hiy_10002,むしろ私から放課後誘いましたけども。生放送の準備もあるだろうに、悪いねえ
fem_hiy_10003,だってお店入るとカフェオレ代も馬鹿にならないし桜先輩の部屋なら持ち込み自由あーんど途中外出ＯＫイェイ！
fem_hiy_10004,そういう若者らしい楽しみはもう１０年も昔に卒業しまたしたがな。オサレよりも居心地の良さ優先、足かぱあー
fem_hiy_10005,そうは言うけどお兄ちゃん、これでも先輩が受験終わるまでは、お邪魔したいのを我慢してたんだよ
fem_hiy_10006,わーい、ありがとうございまーす！
fem_hiy_10007,なんの気なしに発した一言が命取りになりかねませんからなあ。たとえ教室内で嫌われようとも、お仕事優先で
fem_hiy_10008,生徒会に思い入れができたので、この学園を卒業はしたいけど、気をつけなければいけない点は多々あるね兄ちゃん以外の生徒が女子だけにならないかなあ
fem_hiy_10009,先輩方が卒業してしまったら、あと１年ダマ学で過ごすのは辛かったので、錦さんがいてくれてよかったよしてるぜ、あすみ
fem_hiy_10010,言葉に重みがあるな……
fem_hiy_10011,そうだなークラス分け後のグループ形成は２週間が勝負だし、仲良くできそうな子がいたら話しかけてみるかなー。錦さんは性格合いそうな子、いた？
fem_hiy_10012,なんと私のいない間にそんな出来事が。なんて名前だったかな、飯……なんとかさんだった気がする。しばらく凝視させてもらおう
fem_hiy_10013,でもうまいことお友だちができるとは限らないし、アメリ先輩の言う通り私がいない日は錦さんに寂しい思いをさせそうだし。スケジュール共有しとこう
fem_hiy_10014,スマホでも管理してるけど、デジタルとアナログで二重チェックをね、欠かさないようにしてる。さしあたって来週なんだけどさー
fem_hiy_10015,では、いってまいります
fem_hiy_10016,いやあ、ピクニック感覚で九州まで来ておくれというのも無理があるし。今度普通に二人で旅行しようぜ！
fem_hiy_10017,九州での私よりも教室での錦さんが心配。午後からいなくなってごめんねえ
fem_hiy_10018,うちのお兄ちゃんの、なんだ。そこで止めるな、最後まで言え。なんだ、なんて言おうとした
fem_hiy_10019,みなさん、九州来るのも普通にピクニック感覚ですな。詩桜先輩も両日来てくださるみたいですし、ありがたいですなあ
fem_hiy_10020,うちのお兄ちゃんのごはんを２日間面倒みてあげてください。よろしくお願いするっタイ
fem_hiy_10021,ただいまー。はいこれ、九州のお土産。ひよこ型ョコレートがあったよ！いちご味！
fem_hiy_10022,おお資正、寂しい思いをさせてごめんね。２日も留守にして悪かったねえ。お兄とは仲良くしてくれたかい
fem_hiy_10023,お兄、資正のお世話してもらってありがとね。やっぱり２日間は長いので、次から２ｄａｙｓなどのライブのときは、ペットシッターさんにお願いしようかなあ
fem_hiy_10024,あれま、それはまたタイミング悪かったね。ふむぅーん、それなら資正のお世話については、ミリさんと相談しつつ、また改めて考えてみるね
fem_hiy_10025,私がそう何日も家を留守にする機会はないと思いたいし……ぁでも来月――
fem_hiy_10026,では、いってまいります
fem_hiy_10027,お兄ちゃんには安くておいしいアジャーリ餅を買ってきてあげるよ！常磐さんと詩桜先輩とアメリ先輩にぅん龍など喜んでもらえるかしら
fem_hiy_10028,またお兄ちゃんといっしょに旅行できたらいいのにねえ。生徒会活動は大変だったけど、ボランティア合宿楽しかったよねえ
fem_hiy_10043,はいみなさん、お食事できましたよー。これ資正、詩桜先輩になつかないの。ほんと美人が好きだのう
fem_hiy_10044,いやあこの和泉妃愛、お客様をおもてなしするのは三度の飯より好物なもので。腕が鳴るってもんでさあ
fem_hiy_10045,足手まとわれても困るもので、まあそこは。家主としてみなさまのお相手をお願いしました
fem_hiy_10046,年越しなので。あとでおそばにも入れるけど、ちょっとフライングした。お兄ちゃんは今年１年がんばったので特別だヨ！
fem_hiy_10047,あーありがとうございます、とても助かりますすがはミリさん、気配り上手ぅー
fem_hiy_10048,あ、はいー。うちのお父さん、お客さん招くの好きだったもので。お母さんもおもてなしがとても上手で
fem_hiy_10049,えっこのかたがはけたら？あっ画面がそれっぽくなってきた！モザイク演出からの～……電子の世界だ！電子の世界っぽい背景！
fem_hiy_10050,あっ！今、ちょこっと映った肩……あっああっあっ、あの見慣れた髪の色はまさかァーっ！
fem_hiy_10051,あすっ……錦さん、おめでとうだよー！よかったねえ、錦さん……錦さん？
fem_hiy_10052,あーっもうこの子はほんっっっとかわいいのう！りゃー！紅白出演おめでとー！
fem_hiy_10053,いやあ自分でもちょっと驚いたね。なんかねなんだろ、シキちゃんが画面に映ってるの見たら、昨日は久しぶりにぐっときたぜ。文化祭以来かな
fem_hiy_10054,あれあれ？そういうの気にするほうだっけ？
fem_hiy_10055,実は私も自分の台詞はなかったんだぜ。出番のあとンターの子が少し話を振られただけで
fem_hiy_10056,そうそう同じ同じ。だから私も、去年は今の錦さんと同じ気持ちでいたぜ
fem_hiy_10057,あすみの歌声が一番好きだったな私は。聴き惚れたぜ
fem_hiy_10058,真面目に震えてたのがたった３回というのも微妙に生々しい。演技するのがめんどくさくなったんだね
fem_hiy_10059,うちの兄もシキちゃんについて語るときはよくこんな顔をします。後ろで腕組んで見守り面の厄介オタクさんと言いましょうか
fem_hiy_10060,おそらく、ここぞとばかりにシキちゃんの昔話をしたかったのだと思われますが、先を越されて悔しいのでしょう。なんというか不毛
fem_hiy_10061,私も妹の身として、これ以上兄に恥をかかせてはいけないと思っていたところです。なんという醜悪な顔……とうっ
fem_hiy_10062,さあそれじゃあお待ちかね。錦さんの４０万人達成のお祝いに、最近千玉で人気の『ちだまとろ顔生プリン』のプリンを買ってきましたよー！
fem_hiy_10063,えっもう全種類食べたの？
fem_hiy_10064,まあそんなこともあろうかと、季節限定の新作もあります。６人分全て違う種類のプリンを選んできました！
fem_hiy_10065,じゃあまずは今日の主役の錦さん。好きなものをおとり
fem_hiy_10066,明らかにアメリ先輩のための季節限定という流れだったのに、あっさりモンブランプリンを手にとるとは……実に大物だよ、この子は！
fem_hiy_10067,シキちゃんの『ｓｎｏｗ』いま再生数どのくらいだっけ？５００万？
fem_hiy_10068,えーっすごい！すごいぞあすみ！おまえってやつは！
fem_hiy_10069,いやあ、テレビに出ただけじゃそこまでは……楽曲キちゃんの歌声あってこそだよ。１千万おめでとうだよー
fem_hiy_10070,あっ……そ、そおかあ！私としたことが気持ちだけ先走りしてしまったよ、すまぬすまぬ。でも８００万の時点で、本来ならおめでとうなんだぜ
fem_hiy_10071,てことは、１千万ありがとう動画なんかも上げるかんじ？もう用意してあったりする？
fem_hiy_10072,あれ、なんでいま考えてる風？さっき『みんなに報告しようと企んでた』って言ってなかった？
fem_hiy_10073,こらこら。こと動画に関しては、身内とのお祝いよりも、大切なリスナーのみなさんを優先しなきゃダメだぞ？
fem_hiy_10075,お兄が私にそんな質問をしてくるとは……まるで子猫が誘拐されたから今すぐ探せと命令を受けた、捜査一課の刑事のような気分だぜ
fem_hiy_10076,私が出ていくんかい。そうだなあ、たとえば今こことマネージャーさんが仕事の会話をしているとして兄はそこでテレビを観ています
fem_hiy_10077,『妃愛さん、ＧＷの土日に舞台挨拶をして欲しいと頼まれています。午前中はレギュラーの収録ですし、翌日にはイベントもありますが、いかがされますか？』
fem_hiy_10078,はい、ここでお兄の思ったことをそのままどうぞ！
fem_hiy_10079,ありがとうー。まあ私相手だとそんなかんじになるので、錦さんも今はプロなんだし、信じていいと思うよ！
fem_hiy_10080,プロと言っても、１回や２回や７兆回くらい選択間違える場面もままあるので、そこはほら勉強だと思って
fem_hiy_10081,とはいえこれ、お兄が無関係な位置に座ってる場合の話だからね。そもそもの前提条件が『お仕事の話で呼ばれて座ってる』なら、なに言ってもいいと思うよ
fem_hiy_10082,思ったこと言っちゃ駄目なら、なんでそこに呼ばれてんのーって話だしね。お相手が何も言うな黙って座ってろと思ってても、お兄にはその権利があるので
fem_hiy_10083,私で言えば、お兄が私の体調を心配などしようものなら、嬉しくて舞いあがってしまいますものオホホ。お言葉に従うかはまた別にして
fem_hiy_10084,もしお兄があれやこれや口出して、お相手の事務所がめんどくさいなこいつって思ったら、打ち合わせのやり方そのものを変えるはずなので。好きにしなちゃい
fem_hiy_10085,他人事だと思わないことかなあ。なに言ってもいいけど、相手のためーとか思わずに、自分の言葉は自分で考えて自分で発言すると決めてから言いなちゃい
fem_hiy_10086,一方でお兄は、なんでも抱えこんでネガティブな妄想に走る癖があるので、もっと適当に生きなさい
fem_hiy_10087,今の世の中、他人に責任を押しつけるのはいけませんみたいな風潮だけども、もろもろ抱えこみすぎて四方を塞がれてしまう人もいるからね
fem_hiy_10088,心の平穏を図るのが目的なら、自分の中でくらいは言い訳してもいいじゃない。なんでもかんでも人のせいにする日があったって、たまにはいいと私は思うぜ！
fem_hiy_10089,まあそれで他人に八つ当たりなんてしては駄目だけどね。泣き言であればこの妹のとこへ持ってこい。無関係な話ならいつでも適当に聞いてやろうじゃないか
fem_hiy_10090,つまりお兄は、もっと適当に生きよう！
fem_hiy_10091,それはお兄に抱えこむものがなかった時期の話だねさんのために生きる今のお兄もカッコよくて嫌いじゃないヨ！
fem_hiy_10093,よちよち。その暮らしを自ら捨てたのは自分だという事実を忘れてはいけないよ。まあ今からでも、この妹がお兄と錦さんの二人まとめて面倒みてもいいけども
fem_hiy_10094,その錦さんだけど、新曲のデモできたんだって？
fem_hiy_10095,なんでもなにも、わたし毎日会って話聞いてますもん。今朝もメッセージくれたし
fem_hiy_10096,今日の放課後はお兄に会えるってウキウキだっ……ぁこれ、言ってはいけないやつだ、てへり。遅くなってもよいのでたくさん話しておいで
fem_hiy_10097,二人がそのつもりなら私が口出すことでもないのだけど、３週間ぶりに二人きりで会うのにわりと淡白だね
fem_hiy_10098,お兄と錦さん、そういうとこあるよねえ。『おじいさん、お茶が入りましたよ』的な。お互いへの不安とかなさそう
fem_hiy_10099,聞く聞く。わかるわかる
fem_hiy_10100,怖かったねえ。自分で言うのもなんだけど、私でさえ声をかけてはいけない雰囲気あった
fem_hiy_10101,普通だったねえ。休憩時間、私とまったり会話してた。呑気に『豚まんと肉まんの違いってなに？』とか聞いてきた
fem_hiy_10102,知らんがな。人それぞれじゃないかなあ。ぁでも先週の時点では『もしかしたら来週は授業出ないかも』くらいのことは言ってた
fem_hiy_10104,いやあ私はむしろ小物じゃないかなあ。お兄とそんなに変わらないよ
fem_hiy_10105,少なくとも私は養殖ものだあね。錦さんみたいな天然ものではないよ。あの子は本物
fem_hiy_10106,んー、これはあくまで一つの例なんだけど、たとえば私は子どものころから芸能界にいたお陰で、同じ業界の大御所さんと話すのにも、ある程度慣れてるわけさ
fem_hiy_10107,でもそれは芸歴と経験があってこそなので、スポンサーさんやプロデューサーさん、それか別の業界のお偉いさんが相手のときは今でもそこそこ構えるわけだよ
fem_hiy_10108,言うて私は人間不信なので、大抵の場合は『このひと一生他人だしなあ』で気にしないでいられるんだけどれでも出会い頭の一瞬くらいは緊張したりするね
fem_hiy_10109,でもほら錦さんの場合、生まれつきなとこあるでしょ
fem_hiy_10110,だってあの子の両親、世界的なアーティストですぜかも、どちらかと言えばお固い人寄りのジャンルらしっく的な
fem_hiy_10111,生まれたころから、エレガントな上流階級の皆様方と、おハイソな世界で交わってきたわけですよ。それがごくごく自然な環境で
fem_hiy_10112,幼少期からして、お貴族様を前に『あすみ、ご挨拶しなさい』と言われる環境で育って、今さらどんなお相手を前にすれば萎縮するというのか
fem_hiy_10113,錦さん、怖がりで人に近づくのが苦手ではあるけど、それはあの子のもともとの性格であって、誰か特定の人を相手に態度を変えるとかではないのだよね
fem_hiy_10114,組織的な意味ではなく社会階級的な意味で、人類皆平等の目線なのですよ。なので、あーこの子本物だなーって
fem_hiy_10115,礼儀正しいので、年長者は立てるけどもねと常磐さんみたいな、お世話になったかたとか
fem_hiy_10116,たぶん錦さんの中で、人間的なランクが一番高いのって、世界の王族でも、アラブの大富豪でも、人間国宝でもなく、お兄だと思うよ
fem_hiy_10117,そんな錦さんだから、私もすぐ大好きになったさと同じ目線で会話してくれるので。お兄が一きなとこも含めて
fem_hiy_10118,明日地球が滅びるとなったら、私と錦さんは何の迷いもなく、人生最後の日をお兄のそばで過ごすよ
fem_hiy_10119,これほど健気な妹と最愛の恋人をほっぽってエロゲかーい！ヒロインの喘ぎ声、私の声で読んでやるからな。覚悟しておけ！
fem_hiy_10120,頭がおかしくなっちゃったのかな！？
fem_hiy_10121,えっなにごと。もしかしてお兄、ひとり暮らし始める……？
fem_hiy_10122,あっ、ああ、そういう……もうぅ～、お兄ったらびっくりさせないで！息の根が止まるかと思っちゃったでしょ！
fem_hiy_10123,なんか錦さんとそういう話になったのかな？でもあの子が、お兄に料理を作ってもらうのって意外。そういうシチュエーションが想像できない
fem_hiy_10124,めっちゃ恐縮して自分が作るって言いそう。お兄が押しに押せば作ってもらうかもだけど。そんなにいい格好をしたいの？この色男めが！
fem_hiy_10125,お兄優しい～！お兄、やさすぅいぃ～！まあ最初から私は、お兄がそのくらい気の利くいい男だと知っていたけどな！
fem_hiy_10126,そんなお兄のために、料理教室へ通わなくてもおいしいごはんを作れるよう、これから毎日私が手ほどきしてあげるぅ～。手ほどきするぅ～
fem_hiy_10127,うへへへ、お兄とお料理教室楽しみぃ～。手取り足取り教えるぅ～。スパルタ式で教えるぅ～。鞭でシゴくぅ～
fem_hiy_10129,今までなにも教えてあげられなくてごめんね
fem_hiy_10130,んもぅ、お兄の甘えんぼぅ～、わたしさくらんぼぅ～。すぐそうやって私に甘えるぅ～。でも甘やかすぅ～兄が優しいのでいっぱい甘やかすぅ～
fem_hiy_10131,とりあえず今日はもう目玉焼き焼いてしまったので、お料理教室は今夜からぼちぼち始めるね。錦さんを喜ばせておやり
fem_hiy_10132,その錦さんだけど、今日は帰りが遅くなってもいいから、いち日そばにいておやりよ。私も夜まで収録だしさ
fem_hiy_10133,お兄とてわかってるくせに
fem_hiy_10134,あ、お兄ちゃんいた！どこにいるか連絡しようよしちゃったでしょ！
fem_hiy_10135,いろいろな思惑はあるでしょうが、今回のケースは期待されての１発目ってことでいいかと。新曲用意したのが高評価だったのでしょう
fem_hiy_10136,いやあ演者さんが歌う場所は、それこそバックステージに専用のブース用意してあるでしょうから、錦さんがお兄ちゃんの顔見えたりはしないでしょうけどね
fem_hiy_10137,でもほんと、なんでこっち側？そばに付いててあげなくてもいいの？
fem_hiy_10139,いやあ無事に進級できてよかった！担任の先生に呼びだされたときはもうおしまいかと
fem_hiy_10140,いやあ心配をかけて悪かったねえ。来年も同じようだと、今度こそ落第だと厳しめに言われてしまってねえ。ミリさんが同伴してくれて助かったよー
fem_hiy_10141,まあ正直な話、私たちのＡＳＵＭＩがいなかったら段進級にこだわる理由もなかったんだけどねー
fem_hiy_10142,お兄ちゃんが卒業したら私もやべえな。泣いてしまうかもしれない。お兄ちゃん、卒業するのやめないっと学生してても養ってあげるよ？
fem_hiy_10143,そんなこと言って錦さんが泣いてたら優しくしてしまうくせに。詩桜先輩が卒業したときだってさー
fem_hiy_10144,あ、ごめんなさい。泣いてはいなかったかもです気がなかっただけで
fem_hiy_10145,なんですって。私が胸に残るほどのステージを見せたら、お兄ちゃんは今の常磐さんほどにもじもじしてくれるというの？次のライブ、絶対来てくれよな！
fem_hiy_10146,現実的なんだか空想的なんだかよくわからないことを言いだした挙句に、なんか一人で綺麗にまとめた……！
fem_hiy_10147,３Ｄモデルも演出も素敵だったけど、みんな一番肝心な部分への感想がまだなんじゃないかなあ？
fem_hiy_10148,新曲最高だったぜ。いい歌声を聴かせてもらったよすみ……結婚しよう！
fem_hiy_10149,あすみがやべえぞ
fem_hiy_10150,日に日に落ちこんでしまっておりまんがなでんがな
fem_hiy_10151,ちなみにお兄の言う普通のあすみってどんな２式さん？４式くらいある？５式くらい？
fem_hiy_10152,私が見たのはマイナス２億式くらいあるぜ兆いくか？兆いったかもしれない
fem_hiy_10153,放課後、いっしょにお兄の教室いこうと誘いに行ったら、窓の外をぼーっと眺めてたり
fem_hiy_10154,３人でお茶してたときに、お手洗いへ行くお兄の背中を眩しそうな目で見ていたり
fem_hiy_10155,バス停で別れたときなんて、バスの中で顔を手で覆って完全に顔を伏せてしまっていたよ
fem_hiy_10156,さっきからお兄、錦さんが大好きすぎるなの前で少しは自重してもいんだゼ！
fem_hiy_10157,あっ違うの資正！その人は不審者じゃなくてお兄だよ！顔ではなく臭いで判別して！
fem_hiy_10158,まあ、それはそうなのさ。強い感情は芸術の良い糧となるよ。悲しみだって、あの子の創作に良い影響を及ぼしてくれるだろうさ
fem_hiy_10159,ただあの子、心の動きがダイレクトで身体にも伝わるからさあ。最悪、卒業式前に倒れてしまったり
fem_hiy_10160,いや、なに言ってるのお兄。あの子、そういう子でしょ。お昼はお兄といっしょだから食べられてるけど、たぶん今、昼食以外ほとんど口にしてないと思うよ
fem_hiy_10161,卒業式は這ってでも来るかもだけど、そのあとで打ち上げに来るのは無理だと思うよ。うちとか詩桜先輩のお部屋ならまあ……ミリさん、もうお店予約してる？
fem_hiy_10162,無理無理！お店に入って煙を吸っただけで失神してしまいますがな！なんか、うーんと……そう！高原なんかに連れて行かないと！山小屋だったり！
fem_hiy_10163,うんまあそれでもよいのだけど、全く逆に我が家へ連れてきては？
fem_hiy_10164,よいですとも。ただ私が言ってるのは夕ごはんだけじゃなくて、卒業式の日までうちへお泊りしては？と
fem_hiy_10165,錦さん的にいま一人になるのが一番怖いわけでしょれなら帰らなくてもいい場所で、お兄と１日過ごせばいいさ。寝るときは私の部屋で
fem_hiy_10166,お兄が錦さんの家へ泊まるのでもいいけど、ご近所の目とかあるだろうしねえ。普段遊びに行く程度はいいだろうけど、ひとり暮らしの娘さんの家にお泊りは
fem_hiy_10167,うちであれば、私がお友だちとパジャマパーティーってことで、井戸端会議の話題の種になったりはしないだろうし
fem_hiy_10168,卒業までにお兄と過ごす時間を増やして、オニルギーを充填させておやりよ
fem_hiy_10169,打ち上げに参加できず、錦さんが一生悔やむよりはいんでない？
fem_hiy_10170,まあ私も一人にされる怖さはよくわかっているしねっかり元気づけておやり
fem_hiy_10171,んもぅお兄ったら、すぐまたそうやって優しい言葉を私にかけるぅ～。まあそのあたりの配慮も含めて、私はお兄と錦さんに救われているよ。とぅきって言って
fem_hiy_10173,じゃがいも剥こうぜ！今夜はカレーだ！
fem_hiy_10174,隊長ではないス呼べ！
fem_hiy_10175,あっなぜか私が悪いみたいな言いかた。錦さんだって喜んでくれたのに。頭きた、もう明日はお兄が錦さん人で入れ
fem_hiy_10176,あれ錦さん、洗濯物持ってかえるの？洗うよ？
fem_hiy_10177,どうしてえええ？そんな手間かけなくても、うちの洗濯機使わせてあげるよおおお？それともお兄の洗濯物といっしょに洗うのが嫌なのかな！？
fem_hiy_10178,生地が傷んでしまうから、我が家は部屋干しがキホンさあ……部屋干し用の洗剤に衣類乾燥除湿機もあるから、生乾きの臭いは心配しなくてもよいよ！
fem_hiy_10179,これから長い付きあいになるのだから覚悟おしっなんて、思春期にどれだけ恥ずかしい思いをしたか……同じ気持ちを味わうがいいさ！
fem_hiy_10180,八つ当たりだ、ヒャッハー！
fem_hiy_10181,まあ起こしに来たところで部屋の鍵は開けないけどな！というか、昨日は錦さんと添い寝してしまったうぇへへへ。やあらかかったー
fem_hiy_10182,今日は３人で寝るかい？
fem_hiy_01249,おはよう、お兄ー。今日は随分とゆっくりだったね！さてはまたお姉に甘えていたな？
fem_hiy_01250,いえいえ、先輩こそお料理がお上手でほほほ。買い物までお任せしてしまって、大変助かっておりますー
fem_hiy_01251,お仕事が押すと、夕食のお買い物がギリギリになる日も多々あったので……とてもありがたいです、てへり
fem_hiy_01252,あ、うちでも食べますよー。最近ちょっとご無沙汰でしたけど、兄妹揃って納豆スキーです
fem_hiy_01253,でも納豆を食べた食器を洗ってもらうのが心苦しくてですね。実はそれもあってここ最近は買ってなかったのですけども
fem_hiy_01254,ああ空になっていましたか、ごめんなさい。えーと醤油はですね、ここへ置いてあります
fem_hiy_01255,いやあ、そんな敬礼までしなくても。仲良くしましょう
fem_hiy_01256,はっ！夢を壊さないように、先輩の前では表情とか気をつけなきゃ！でっかいあくびとかしないようにしなければぶえっくしょい！
fem_hiy_01378,もしかしてお兄、まだ恥ずかしいだなんて考えてる？私もお姉もただただお兄の身体が心配なのであってれ以外に考えてることなんてないよ？
fem_hiy_01379,自分で大丈夫だと思ってから、１……３週間は様子たほうがいいんじゃないかなあ？
fem_hiy_01380,まだわたしたちといっしょに入ったほうがいいと思うなあ……
fem_hiy_01381,詩桜先輩はどう思います？
fem_hiy_01382,そうですか……
fem_hiy_01383,――あッ！いま『申し訳ない気持ち』って言った！？
fem_hiy_01384,お兄ったら、すぐまたそうやって遠慮するぅ～。やっぱり私たちに気を使ってたんだね！お兄の身体のためだもの、あと１ヵ月くらい大丈夫だよ！
fem_hiy_01385,私は一人でもお世話するよ、大丈夫だよ
fem_hiy_01386,やった！さすがはお姉だ！
fem_hiy_01387,やっぱり私たちに遠慮してたんだねえ、お兄～。そういうのはもう覚悟の上なので。私はお兄がとても心配なので。あと１ヵ月、いいよね？
fem_hiy_01257,元日はオフです
fem_hiy_01258,今年は和泉家にとって激動の１年だったので年も今までとは家の中が大きく変化しそうだし参りはきちんとしないとね
fem_hiy_01259,それから、お兄が二度と危険な目に遭わないようにね！１日でも早く回復するように、今年はお賽銭突っこむよ！
fem_hiy_01260,全くもって同意見です！私はお賽銭も万突っこみますが！
fem_hiy_01261,いやあ、きのうお姉が釣ってきてくれたお魚おいしかったですねえ！デパートで買うお刺身よりもおいしかったです！
fem_hiy_01262,いかに愛しの兄と言えどさすがに見苦しいのう。詩桜ねえ詩桜ねえ。こやつ、海とか船で先輩が声かけられないか心配していやがるんですよ
fem_hiy_01263,余裕ぶって先輩を送りだしたくせに、時間が経つにつれ不安で仕方なくなったに違いありません。はあーあちの兄の器はデミタスカップのように狭量だ！
fem_hiy_01264,はっきりしない兄だのう。男になりなされ
fem_hiy_01265,あれまミリさん、どしました。久しぶりにお兄のお迎えですか
fem_hiy_01266,お兄に用事……生徒会のお仕事かな？てことは私も関係あったりします？言うて私いま、正式な役員じゃないですけども
fem_hiy_01267,仲間はずれにされてしまった……
fem_hiy_01268,いやあお兄が怪我してたころは、お隣さんにも『なにかあれば言ってね』ってお声がけいただいたのでー……私が仕事で忙しいのも察していただいた上で
fem_hiy_01269,それ前提で『ガッコの先輩が助けにきてくださってるんですよー』と説明してあるので、ご近所の目に関しては大丈夫だと思いたいのですけどね
fem_hiy_01270,というかそんな面倒が生じるのであれば、住民票こっちへ移して、完全にお引っ越しされてはいかがです？
fem_hiy_01271,詩桜先ぱ……お姉がそこまで考えてくれているのなら、私もその方針に乗っかろうと思います。ミリさんのお話がおうち関係であれば、また家族会議しましょう
fem_hiy_01272,私の場合、あらかじめ起床時間にバッファーをもたせて部屋を訪れ、甘やかします。あと５分寝てて良いよちよち
fem_hiy_01273,『お兄を甘やかし王』の称号は、この和泉妃愛に対して最高の誉め言葉……いいでしょう、詩桜先輩もまとめて甘やかしてさしあげます
fem_hiy_01388,はれっ。詩桜先輩、どこか怪我でもしましたんだかちょっぴりへっぴり腰
fem_hiy_01389,あれま、それは大変。湿布用意しておきますね
fem_hiy_01274,はーい、いってらっしゃーい！
fem_hiy_01275,お姉の車、近所でも評判だねえ
fem_hiy_01276,夕方帰ってきたときに、横瀬さんのおばさんとときどき話すよ。『すごい車ねー！』って
fem_hiy_01277,前川さんはご近所の噂話をけっこう大げさにして広めるから、話すときちょっとだけ気をつけてね！
fem_hiy_01278,あ、今年のお墓参りどうしよう。またいつも通りミリさんに車出してもらうつもりでいたけど、お姉にお願いしてもいいよねえ
fem_hiy_01280,うん、もう来週だからちゃんと空けてあるよ。逆に言えば、その日以外にずらせないけども。雨降らないといいねえ
fem_hiy_01281,今年は出席優先してるからねえ。夏休みはちょっと頑張ることにしたかんじ。まどキュアのお仕事もあるし
fem_hiy_01282,でもお兄の言う通り、ちょっとお仕事詰めすぎたかなーって悔やんでる。マネージャーさんにも心配されてる
fem_hiy_01283,ん？お世話って、私とお姉とミリさんがいない間兄の面倒見てくれたこと？
fem_hiy_01284,私の仕事に差しさわりがあるか聞かれたからなあ。私の代わりにお世話するのも、たぶん自分のお仕事だと思ってて、それ以外の感情はないんじゃないかな？
fem_hiy_01285,普通ではないねえ。私と私の家族だからってのはあるよ。お父さんお母さんが亡くなったときも、あれこれお世話してくれたから、その延長でね
fem_hiy_01286,お兄が私のお仕事に関わる質問をあれこれ尋ねてくるのって珍しいね
fem_hiy_01288,あの人、私のために３億円の借金背負ってくれたからねえ。お仕事の面では信頼してるよ
fem_hiy_01289,お兄に隠してたわけじゃないんだけど……というか私もあとから知ったんだけど、私が事務所を移籍するときに、それなりに大きなひと騒動があったみたいで
fem_hiy_01290,そうそう。昔いた芸能事務所は、声優方面のお仕事まるでなかったからね。そんな伝手もないし、そもそも私が声優に転身するの反対だったし
fem_hiy_01291,私を機に声優事業にも進出ーって声もあったみたいだけど、餅は餅屋だし、餅屋は餅の売り場を堅守するだろうから、揉めるしやめようって話になったらしくて
fem_hiy_01292,私もあのころが一番稼いでた気がするし、当時の社長さんは転身なんて絶対認めてくれなかったわけですよ
fem_hiy_01293,や、デビューの面倒見て、手塩にかけて育てた役者が我儘で抜けるわけだから、認めないのは当然なんだけどね。頭ごなしに怒るのではなく懸命に説得されたし
fem_hiy_01294,でも私はどうしても声のお仕事をしたかったので
fem_hiy_01295,んー……お父さんとお母さんを亡くしてから、カメラの前で笑顔を作るのが演技でもできなくなったみたいな
fem_hiy_01296,で、そのときに唯ひとり味方してくれたのが、今のマネージャーさんだったですよ
fem_hiy_01297,声優になりたいという私の意思を汲んで、社長を説得してくれて。どうしても駄目なら、私といっしょに事務所を移るとまで言ってくれて
fem_hiy_01298,ただ私には怒らなかった社長も、マネージャーさんに対してはめっちゃ怒ったみたいで。それはもう烈火のごとく
fem_hiy_01299,でも、当時の私はまだ子どもだったので、お父さんお母さんが亡くなったあとも契約を続けるには、後見人の承諾が必要だったんだって
fem_hiy_01300,で、私の後見人はマネージャーさんと一心同体な状態だったので、当時の事務所も強硬には出られない状態だったらしいのですよ
fem_hiy_01301,で。紆余曲折を経て、違約金と５年間の活動停止を条件に移籍を認めたー……というか認めざるを得なかったんだろうね。認める理由が事務所側にないので
fem_hiy_01302,ただ、私が声優として活動する準備期間に充てるとしても５年間は長すぎるというので、マネージャーさんが１年につき１億で私の時間を買ったみたいで
fem_hiy_01303,そのお金を違約金といっしょに全部おっかぶって、私に声のお仕事をさせてくれるためだけに、都合３億の借金抱えてくれたらしいですよ
fem_hiy_01304,払い終えたって。私も２、３年前だったかな、人から聞いて初めてその出来事知ったので『払い終えたらしいよ』がほんとのとこだけど
fem_hiy_01305,もしかすると今の事務所と契約するときに、私の稼ぎのうち、会社に入る分のいくらかは借金に充てるという契約をしたのかもしれないけども
fem_hiy_01306,それもあって、いわゆる大手の声優事務所には入れなかったんだよね、私。これも人から聞いた話なので『入れなかったらしいよ』が正しいけど
fem_hiy_01307,マネージャーの担当ってころころ変わるのが普通で、私みたいにずっと固定って珍しいんだよね。売れっ子になれば固定する人も多いけど、私は最初からなので
fem_hiy_01308,てっきり私は、昔からお世話してくれてて、いっしょに移籍してきたからだと思ってたけど、他にも色んな事情が絡んでるんだと思う
fem_hiy_01309,んー、それは私でもわからないなー。一応わたし、この話知らないことになってるし
fem_hiy_01310,でも、んー……マネージャーさんのお陰で転身もできたし、その後のお仕事もマネージャーさんがとってきてくれたから、今の自分があるとは思ってるんだよね
fem_hiy_01311,なんでそこまでがんばってくれるのかを私も尋ねたことはあって……大体いつもはぐらかされるんだけど
fem_hiy_01312,何度かちょこちょこ本音っぽい話をしてくれてて、その内容を私なりにまとめると、初めて出会ったときに私となら大きな夢が見られると思ったみたいで
fem_hiy_01313,酔ったマネージャーさんの大げさな言葉を借りるなら『私を一目見た瞬間に世界が変わった』んだって本物に出会った』とも言ってたかな
fem_hiy_01314,お父さんとお母さんが少し引くくらいの熱の入れようではあったけど、それで子役として色んな作品に出演できたから、私にいろいろ懸けてくれてたんだと思う
fem_hiy_01315,お父さんとお母さんが亡くなったときも、私といっしょに大泣きして、何があっても私を支えると言ってくれたしね。あの涙は演技じゃなかったよ
fem_hiy_01316,んーでも、マネージャーさんが人生を懸けてるのはくまで『小泉妃愛』に対してだからねえ
fem_hiy_01317,お仕事に関わる部分では全面的に信頼してるよ。その誠意も疑ってないし、声優としてマネージャーさんの見たい景色を見せてあげたいとも思ってる
fem_hiy_01318,だけど、んー……実はね、私がミリさんを後見人に指名したとき、マネージャーさん、探偵に依頼してミリさんの素行調査したんだよね
fem_hiy_01319,そのころは、私がそういうの嫌がると思ってなかったみたいで……人生を懸けた役者を預けるんだから、心配ではあったんだろうけど
fem_hiy_01320,でも調査書を見せられて『安心です』って言われても、私は家族を他人に見張らせたりはして欲しくなくそういうのはやめてください』って言った
fem_hiy_01321,そこでわかっちゃったのかなあ……この人は私をすごく大切に想ってくれてるけど『やっぱり家族ではないんだな』って
fem_hiy_01322,本当に、感謝はしてるんだけどね。私のために泣いてくれたのは嘘じゃないし、誇張抜きで私に人生を捧げてくれてるんだと思う
fem_hiy_01323,だけど、どんなに人生を捧げてもらっても、私の一番大切な人はマネージャーさんじゃないので。残酷だけど私の人生は捧げかえせない
fem_hiy_01324,今はね。今はだよ。私は家族が大好きな人なので、今は他の誰よりも何よりもお兄が大切
fem_hiy_01325,お兄が事故に遭ったとき、本当に、何の罪悪感もなく『お兄が動けない身体になったらお仕事辞める』って思っちゃったんだよね
fem_hiy_01326,何年間も支えてもらって、３億もの借金を背負ってもらって、その人の人生を捧げてもらっても、私はお兄のためであれば明日にでも仕事を辞める
fem_hiy_01327,重く聞こえちゃったらごめんね。でも私は、お父さんとお母さんを失くした日の景色をいまだに夢で見るほど家族が大切なので
fem_hiy_01328,じゃあもう絶対危ない運転しないでね！
fem_hiy_01329,今は何よりもお兄が大切。でも、お兄とお姉の子どもができたら、かわいがりすぎてお兄より大切にしてしまうかも？
fem_hiy_01330,フフフそう遠くない未来の話かもしれないぜ？
fem_hiy_01331,マネージャーさんに感謝はしているので、小泉妃愛としては期待に応えたいよ。それが私なりの恩返し
fem_hiy_01332,でも和泉妃愛は小泉妃愛たり得るけど、小泉妃愛は和泉妃愛たり得ないので。そこはね、どうしても家庭優先だね
fem_hiy_01333,と。お兄との貴重な朝食の時間を割いてまで、なぜこんな話をしたかと言えばー
fem_hiy_01334,私のマネージャーさんの良い点、悪い点を話して、私が彼女をどのように思っているか説明しておきたかったので
fem_hiy_01335,その心は、お兄が私を気遣うような目でマネージャーさんのことを尋ねてきたので、もしかするとお兄かお姉が身辺調査でもされたのかなって
fem_hiy_01336,そうじゃなくても、それに近い干渉のされかたをしたのかなって。だとすれば、ちょっと真面目に話しあいをするので
fem_hiy_01337,だけど、どれだけ私が憤慨したとしても、声のお仕事を続ける限り、今のマネージャーさんと別れることはできないので……今の私のスケジュールを考えると
fem_hiy_01338,なので真面目な話しあいをする前に、マネージャーさんの良い部分と悪い部分をお兄に伝えておいて、それから結果もお伝えしたいかんじ
fem_hiy_01339,そか。私のほうこそ余計な気を回して、せっかくの朝ごはんの時間を重力７兆倍にしてごめん。お兄と久しぶりに二人きりの朝ごはんだったのになあ
fem_hiy_01340,んーそかそか。ありがとうー、おにい。私はお兄と朝ごはんを食べる時間が大好きだよ。いつまでも大切な私の家族でいてね
fem_hiy_01341,それとね。これはまた別の話だけど、お兄のお世話を通じて、詩桜先輩とはとても仲良しになれたよ。心からお姉と呼べそう
fem_hiy_01342,あ、見て見てお兄。来週の天気ずっと晴れだってよかったあ。でも３５℃って予報が出てるうええ
fem_hiy_01343,お兄、とてもがんばってるのはわかるけど、食事中にまでお勉強するのやめようよ。私、ごはん食べるときはお兄とお話ししたい
fem_hiy_01344,私こそお兄の勉強の邪魔をしてしまってごめんね。でも、ここまで根を詰めて勉強したりは今までになかったね。今日はどうしたの？もしかしてお姉の影響？
fem_hiy_01345,これだけのやる気をお兄に出させるお姉はやっぱりすごいなあ。無事に受験が終わったら感謝しないとだね！
fem_hiy_01347,むっ、この味噌の分量といい、出汁の具合といい、かなり忠実に和泉家の味を再現できています……花丸ならぬひよ丸です――
fem_hiy_01348,うむ、うむ。とても良いお味でございました。また対戦よろしくお願いします
fem_hiy_01349,ではいただきましょう。今日も家族４人で食事できる幸せに感謝しつつ
fem_hiy_01350,賑やかな朝食もいいですのう。ミリさんも毎日こっちで食べればいいのに
fem_hiy_01351,こら資正、お兄を噛んじゃだめ！そんなに強く噛んじゃ……あっ、あーっ！
fem_hiy_01352,あの、詩桜先輩がいま仰ったことについて、実は私も思うところがありまして
fem_hiy_01353,このお話、本番では私が読むことになっておりますが……
fem_hiy_01354,ああいや、それは。まあ完成品を見せてくれと言われているので、まだ許可が下りているとも下りていないとも言えないのですが
fem_hiy_01355,こちらのお芝居、文化祭前と文化祭後は詩桜先輩が読まれるんですよね
fem_hiy_01356,でしたら、うーん……本番も詩桜先輩が読みきかせるのはいかがでしょう
fem_hiy_01357,ああいえ、やりたくないーだったり、自信がないーというわけではなく……参加したい気持ちは充分にあるのですが
fem_hiy_01358,ただこれは、役者としての私の直感なのですが、詩桜先輩に読んでもらったほうが、のちのち私たちの良い思い出になる気がします
fem_hiy_01359,お話を書いた詩桜先輩が、内容を一番理解しているからというわけでもなく……そこは私も一端の役者として、お芝居を自分のものにするつもりではいるので
fem_hiy_01360,ただ詩桜先輩と読みきかせの練習をしていると、先輩の声で読んだときが、一番刺さって欲しい人に刺さってくれるんじゃないかなあ……と思うわけです
fem_hiy_01361,いやあいいよ。むしろ私の言いにくかった部分を言ってくれて大助かりさ。要は私の存在がノイズにならないかって話だから。さすがはあすみ、私の女だぜ
fem_hiy_01362,と言っても私は小泉妃愛なので、多少会場が賑やかであろうと、今回のお題が慣れない紙芝居であろうと、聞かせてみせる自信はあるのですが
fem_hiy_01363,ですが、私が１００％のパフォーマンスを発揮したとして、一番刺さってほしい人の頭に１％のノイズが混ざれば、そのお芝居は最高の評価には届きません
fem_hiy_01364,お姉ちゃん、私の話を聞いて
fem_hiy_01365,たとえばアニメ。ここぞという台詞に私が魂を込めても、それと同時に下の階から『ごはんよー』と呼ばれれば、その視聴者さんの評価は微妙になりかねません
fem_hiy_01366,お芝居は、演じる人と、観る人と、入りこむ場があってのお芝居です。誰に向けてのお芝居か、一度よく考えてみてはいかがでしょう
fem_hiy_01367,私は昨年、お兄ちゃんの書いた脚本で、お兄ちゃんめのお芝居ができました。私自身、満足しています。なので、とてもよくお気持ちがわかるのです
fem_hiy_01368,私は今年、役員ではありません。いっぽう私の兄を文化祭で助けるために、この学園へ１年残ってまで生徒会に入った人はどなたでしょーか！
fem_hiy_01369,今さらっと言われたけど、私の話がまだ終わってないのに、ぜんぜん関係ない自分の話を始めるのすごいな物だよ、この子は
fem_hiy_01370,はい！はい！わたし子どものころ、お兄ちゃんに紙芝居読んでもらいました！
fem_hiy_01373,お兄ちゃんの答辞を聞くまではぜんぜん大丈夫だったんだけどねー。途中からもうボロ泣きでしたわ、この子
fem_hiy_01374,えっ！お姉ちゃんでも第２ボタンとか気にするんだ！
fem_hiy_01375,えっ３つしかボタンないのだけど、私のは？
fem_hiy_01376,お姉ちゃん？よいの？
fem_hiy_01390,それはもしかしなくても、たとえばの話ではなくのお兄の話じゃないの？
fem_hiy_01391,私はあまり参考にならないかもしれない。お誘いされたお相手のお名前とお顔はしっかり頭に刻むほうなので。ブラックリストという名の記憶のメモ帳に
fem_hiy_01392,私はおもいきり壁を張っている子なので、ひと目見てそれを察していただけない時点で、私の対人チェックは終わりかなあ
fem_hiy_01393,私は曖昧な返事はしないし、お相手が誰であれ対応は変えないし、それで発生する面倒にはマネージャーさんが戦ってくれたので、最近はお誘い自体がないね
fem_hiy_01394,おおン？お兄は今、私の話をちゃんと聞いてた？
fem_hiy_01395,ではなく。ご一緒したくないお相手には、曖昧な態度を見せないという話
fem_hiy_01396,そのお相手のかたが自分から誘ってきたのであれば兄の言う約束とやらを忘れはしないと思うなあ……
fem_hiy_01397,ん？あれ？『お兄が誘われた』って話だと思ってたけど……そういえば『遊びに誘われた相手は覚えてる？』という話だったような？
fem_hiy_01398,お兄が自分から女の子を誘ったあああああああ！？
fem_hiy_01399,『あの』お兄が自分から『女の子』を誘ああああああああああ！？ほああああああああああああ！
fem_hiy_01400,生徒会の誰かでしょ
fem_hiy_01401,やましい気持ちがないのなら、堂々としていればよいのでは。それともやましい気持ち、あるの？
fem_hiy_01402,あー、アメリ先輩かー！あー……あーあーあー、あー……あー
fem_hiy_01403,アメリ先輩は誘われ慣れてる分、異性相手に社交辞令で遊ぶ約束しないよ。私と二人のときは、よくそんな話する
fem_hiy_01404,お兄がどんな誘いかたをして、アメリ先輩がどんな返事をしたのかはわからないけど、アメリ先輩が『行く』ってはっきり言ったのであれば、それは本音だよ
fem_hiy_01405,資正、あのお兄は女性をたぶらかす悪い人だよ仕置きしておやりなさい
fem_hiy_01406,あ、ゆわれてみれば。お兄、そこまで悪くなかった
fem_hiy_01407,でもアメリ先輩は、お城の約束絶対に覚えてると思うよ
fem_hiy_01409,どうと言うのは……あ、ごめん。私、前提条件を勘違いしてた。お城観に行くのって、生徒会のみんなで行くんだ？
fem_hiy_01410,そういうお話かあ……お兄がそのつもりだったのなら。うん
fem_hiy_01411,でもごめん、生徒会のみんなで行くなら参加したいけど、私、ボランティア合宿でいっぱいお休みいただいたので、しばらくはお仕事ぎっしり
fem_hiy_01412,ううん、私には気兼ねせず楽しんできてね。行く日く場所と誰が行くのかだけ、あとで教えてー
fem_hiy_01416,お兄に『自分でなんとかする』という気概を芽生えさせてしまったのが致命的かなあ、私としては。でもお兄の応援はするよ
fem_hiy_01417,うん、楽しみにしてる。家庭を大切にするお兄は、いい旦那様になるよ。いずれ妃愛も養ってぇ～ん
fem_hiy_01418,スタミナがつくと聞いて、今日から朝食に納豆を用意したよ。食べたければお食べ
fem_hiy_01419,ええー？いいよいいよ。なんか落ちつかないので私にやらせて
fem_hiy_01420,お母さんのしていたことは私がやりたいなあって…兄にとって、お母さんの代わりで良いので。せめて兄がお母さんに頼るはずだった期間までは
fem_hiy_01421,お兄が今の学園を卒業するまでかな
fem_hiy_01422,えへへ～、お兄に感謝されてしまった～。あれえ？日って妹の日だったかなあ？星座占いを見るまでもなく、今日の私のお兄占いは１位だよしゃーわせー
fem_hiy_01423,今日は午前中オフなので、お兄にお昼届けてからお仕事いっちゃおうかな～？お弁当もっていっちゃおうかな～？お兄の恋人に間違えられたら恥ずかちー！
fem_hiy_01424,お兄の身体からまばゆいばかりの青い春の光が放たれている！まるで後光が差しているかのよう……南無阿弥陀仏南無阿弥陀仏
fem_hiy_01425,私自身が同じことをしようとしていたのでなんだけど、休みの日に手作りのお弁当持って差し入れにいくって、アメリ先輩めっちゃがんばるね
fem_hiy_01426,馴染んでる？とは？
fem_hiy_01427,優しくしてもらえて嬉しい気持ちはもちろんあるだろうけど、お兄が考えてるほどアメリ先輩は卑屈でもないと思うよ
fem_hiy_01428,本人がそう言ってたのであれば、まあ。でも私の見てる限り、常磐さんや錦さんを相手に気を使うことはあっても、遠慮はしてなかったんじゃないかなあ
fem_hiy_01429,もしそう見えていたなら、それはお友だちになり始めの人同士がお互いを量る期間……たとえば入学式の直後に発生する、ごく普通の交際準備期間じゃないかな
fem_hiy_01430,あーでも、ごく普通に発生する人間関係の馴れ初めだからこそ、その微妙な時期に気を使ってもらえるのはありがたいかもだね
fem_hiy_01431,活動休みがちな私と違って、アメリ先輩のほうが生徒会に馴染んでそう。ボランティアでの部屋割りも私だけみんなと別だったしなーぐすん
fem_hiy_01432,うへへへお兄にフォローしてもらえた。とても嬉しいので、私はこれからも家族として副会長としてお兄を応援するよ
fem_hiy_01433,なにか聞きたいことや知りたいこと、他にも相談ごとがあればいつでもお言い。みんなのプライバシーを侵害しない範囲で答えるよ
fem_hiy_01435,いろいろ制約が課されそうなので、あくまで私にできることとして
fem_hiy_01436,アメリ先輩、コスプレされるんです？
fem_hiy_01437,論破学園の制服かわいいですよねー。私サイズの制服をご用意いただいてしまって。あ、ツブヤッキーに上げたもの以外の写真もありますけど、見ます？
fem_hiy_01438,やーはは、そこは上手に撮ってくださるカメラマンさんの力と言いますか。スタッフのみなさんに感謝ですねー
fem_hiy_01439,あーでは文化祭の企画に話を戻しますか。ひと通りみんなの『できること』は挙げてもらったけど、いかがですか会長閣下！
fem_hiy_01440,あー紙芝居。顔も名前も出さずに声をあてるのであれば、事務所に許可もらえる……かなあ？
fem_hiy_01441,や、誰か一人に負担がかかりすぎるのもよくないですな！代役が利かないポジションを長距離走してもらうのであれば、体調面も考慮しなければなりませんし
fem_hiy_01442,あ、ネクタイもかわいいですね！リボンも良いですが、その日の気分でネクタイに変えられるのは嬉しいです
fem_hiy_01443,私もモデルは無理だなあ。お兄ちゃんのお手伝いをさせてもらうかんじになるかな
fem_hiy_01444,いやあ？企画をやるにあたって、最も負担の大きな常磐さんがファッションショー案を支持するのですから、紙芝居案は今回断念で良いのでは？
fem_hiy_01445,提案者のお兄ちゃんには気の毒なのだけども
fem_hiy_01446,最初から国内で頼んだりはできないのかな？こっぷれの衣装製作会社さんではなく、スーツなどを作っていらっしゃるテーラー？などの
fem_hiy_01447,てことは最初から、常磐さんの言うコスプレ衣装すら駄目で、私たちが着ているこの制服と同等のクオリティが求められると
fem_hiy_01448,と言いますか、その二つの違いもわからないのですが。先日着た私の『レスバ娘』の制服はコスプレですが屋さんで販売されている衣服同様の着心地でした
fem_hiy_01449,あ、仮縫いわかります！本格的に縫う前の、仮の布で縫いあわせた服を試着して、サイズを確かめるやつですよね！衣装を作るときに何度もやりました！
fem_hiy_01450,ほえー、お仕事で何度も衣装を着せてもらったりしてますけど、やはり一着一着の製作は大変なんですなー強になりました
fem_hiy_01451,あ、ごめんなさい。お二人がいない間、普通に雑談してました。みんなファッションショーで決まりだねって空気だったので
fem_hiy_01452,はっ！もし今のお仕事を引退しても、これで新し入源が……？
fem_hiy_01453,あ、ごめんなさい。私そろそろお仕事に行かねばならない時間です
fem_hiy_01454,ご不便をおかけして申し訳ねえ。あっしがこんな体でなければゴホゴホ
fem_hiy_01455,あれ、お兄なにしてるの？ぬ、縫いもの？
fem_hiy_01456,ほえー、けっこう時間かかるみたいな話だったのにねえ。なのにごめん、私は明日も仕事だあ
fem_hiy_01457,でもあれ？明日から縫製始めるのに、どうしてお兄は縫い縫いしてるの？今日はまだ始まってないんだよね？
fem_hiy_01458,縫いかたって、ミシンでダダダッと縫うのではないの？端処理もロックミシン使うんだよね？
fem_hiy_01459,ある程度人数がいれば一から覚えるお兄が縫わなくても良さそうだけどね。でもうん、いざというときにお手伝いできたほうがいいかあ
fem_hiy_01460,まっさらな生地から服を縫ったりはしないけれども、今までお兄の雑巾とゼッケンを縫ってきたのは誰だと思ってるのさ
fem_hiy_01461,ズボンのポッケの底が破れてたりしたときも、この妹がミシンで縫って直しているよ。なーんてうそうそ、夜中に小人さんが縫ってくれるよ
fem_hiy_01462,まあ感謝されてお礼を言われてしまうと、お兄が私に甘えなくなってしまうので、私は『ありがとう』より『これやっといて』のほうが嬉しい人なのだけど
fem_hiy_01463,とはいえ今後はそういうわけにもいかないかなあ。せめてこの家にいる間は、私に甘えるだけ甘えるのだよ。して欲しいことがあればお言い
fem_hiy_01464,これはひどい。細かく縫うのはいいけれど、表に糸が見えてしまっては、まつり縫いの意味がないのだよ
fem_hiy_01465,えっ！私がお兄に縫いもの教えるの！やったあ、やるやる。とても喜んでやる。私が縫ったほうが早いけど、お兄に教えたいから点検する
fem_hiy_01466,それと、私が家で縫い縫いする分も持って帰ってきてくれたら嬉しいなあ。それなら昼間はお仕事しつつ生徒会のお手伝いできるね
fem_hiy_01467,ほえー、文化祭のアーチって、どこのガッコもけっこう凝った作りしてるんだねえ。タージ・マハルに守礼門に、北陸のとある駅前にそびえ立つ例の門まである
fem_hiy_01468,いやあ今日に限っては一人だとちょっと寂しかったので。ミリさんには感謝だよ
fem_hiy_01469,さすがにお赤飯の準備は間に合わなかったよ、ごめん。でもごはんは山盛りにしておいたから、たんとお食べ
fem_hiy_01470,ねー、ちょっぴり寂しくなってしまいますよね。こんなお兄は見たくなかった。私に甘えてガチャをねだってくれたころが恋しい。くすん
fem_hiy_01471,はえー、それはもう私の最古参のファンと言っても過言ではありませんね。いつも応援ありがとうございます！
fem_hiy_01472,昔から応援してくれている皆様への感謝は、思い出を共有する『喜び』ですけども、今の私を応援してくれている皆様への感謝は等しく同じ『愛』ですよー
fem_hiy_01473,はい、定価でよければお譲りしますよー。差しあげたいくらいなのですが、常磐さんは購入してくださっているので
fem_hiy_01474,いえいえこちらこそ、昨日は素敵な誕生日会を開いていただいてしまって。私めごときの歌で少しでもお返しになればありがたいです
fem_hiy_01475,お友だちと過ごす誕生日会など何年ぶりのことやら……感動のあまりに、わたくし涙がちょちょ切れてしまいました。くうっ
fem_hiy_01476,現場ではケーキなどいただいたりしたけど、夜はまっすぐ帰ってたからね。兄の夕食を作るので
fem_hiy_01477,ときめかされるー！
fem_hiy_01478,私こそ、生徒会のお手伝い全然できてなくてごめんなさいだよ。だというのに、おいしいものだけ食べさせていただいてしまって。なんというていたらく
fem_hiy_01479,でもせっかくお仕事入ってくる時期にお断りしちゃうのは、将来のためにならないのでは？
fem_hiy_01480,そこでお仕事セーブされてしまうと、私も自分のお仕事優先しづらくなってしまいますぜ
fem_hiy_01481,相変わらずいい子すぎるな、この子は。思わ地たくなっちゃうぜげへへ
fem_hiy_01482,私が意地悪するまでもなく顔が真っ赤だ。かわいぇー
fem_hiy_01483,あ、そうだお兄ちゃん。私このあとお仕事行くので、午後からお買い物お願いしていい？もちろん生徒会関係の
fem_hiy_01484,いやあ、学園で兄とじゃれ合える機会はなかなかないもので。でも買い物は真面目にお願いしたいやつだよ化祭のアーチの素材
fem_hiy_01485,今からダンボールで門を作ったりは現実的じゃないので、既製品をアレンジして、どうそれっぽく仕上げるかが腕の見せ所だと思うのだけど
fem_hiy_01486,今回は厄介なご来賓がお一人様いらっしゃるようなので、その方を狙い撃ちしようと思います！おハイソな学園のお嬢様が喜びそうなアーチを作ろう！
fem_hiy_01487,うちの学園は見てくれがとても良いので、なんかあの、海外の庭園にある薔薇が巻きついてそうなアーチを用意するのはどうでしょう！
fem_hiy_01488,お花代はちょっぴり背伸びしないと厳しそうだけど、飾りつけに関しては、頼もしい伝手があるじゃあないの
fem_hiy_01489,実はちょっと期待しておりました。そのお礼もあってのペンライトです
fem_hiy_01490,というわけで、お兄ちゃんにはアーチ本体を買ってきてもらいたいなって。詩桜先輩はすぐ動いてくれそうなので、今日中に
fem_hiy_01492,お兄ぃ～。今日の夕食、やっぱり私が作るぅ～
fem_hiy_01493,たまにはお兄と巻き寿司を食べるのもいいかなと思ったけど、最近まともに生徒会活動できてないので、そのお詫びに心を込めて夕食作りたい
fem_hiy_01494,でもお兄の着る衣装、間に合わなそうなんでしょ？錦さんがゆってた
fem_hiy_01495,私が毎日参加できていれば完成したかもしれないのに。悪いねえ
fem_hiy_01496,はえー。それは常磐さんと新川さんにプレッシャーかかってそうだねえ
fem_hiy_01497,そのお顔が容易に想像できてしまう……！
fem_hiy_01498,でも、例の会長さんにあれこれ言われてしまうのだよね？
fem_hiy_01499,責任感強そうだもんねえ。お兄は嫌味の一つや二つに耐えられても、常磐さんは耐えられなそうだ
fem_hiy_01500,妥協はできない。でも間に合わないとなると
fem_hiy_01502,司会程度であれば問題ナシ。今後の学園生活についての心配はされたけどね。まあそれは、入学したときから抱えてる問題なので
fem_hiy_01503,おやおや随分と私を誉めるねえ。私の声がお兄のお役に立てるのなら本望だよ。今回、副会長はほとんどお仕事できてないからね
fem_hiy_01504,おっ！それは当日見せてもらうのが楽しみぃ！詩桜先輩には何かしらサービスしてしまおう、へへへ
fem_hiy_01505,はっ！お兄がかつて見た覚えがないほどだらしのない顔を浮かべている！資正、やっておしまい！
fem_hiy_01506,ぎえーっ！ここここのかわいいひよこたち、羊毛フェルトで作られたんですか！？かわいすぎる……ぎょええええ……殻の帽子かぶってる子までいる……！
fem_hiy_01507,なんだって！？ななななひよこのぬいぐるみう見えて私はひよこに目がない女……ぎゃぎゃぎゃわいいいいい……！
fem_hiy_01508,つまり私たちは、生徒の代表として、この文化祭で千玉学園に真剣勝負を挑みます！
fem_hiy_01509,それでは改めてご覧ください。いまステージ上で、３人の役員が着ているあの制服は――
fem_hiy_01510,都内でも人気のあるダマ学の制服に似合う『コート』です！
fem_hiy_01511,千玉学園の制服は十数年前に今のデザインへ変更されて以降、在校生だけでなく学園外からも評判を得て、高い人気を博しています
fem_hiy_01512,ですがコートは変更前のままです。そのシンプルなデザインは永く愛され、親しみを抱く先生がた、卒業生の先輩がたも数多くいらっしゃると思います
fem_hiy_01513,とはいえ、そろそろ現在の制服に合わせ、多分にデザイン性を求めたコートを採用しても良いのではないでしょうか！その一例を私たちは提案します！
fem_hiy_01514,まあ平たく言ってしまえば。『かわいいコート着させろ！』です！
fem_hiy_01515,生徒会に寄せられた制服改善の要望の多くは、私たち女子生徒からのものでした。ですから、女子のコートは２着用意しています
fem_hiy_01516,では実際に着用している生徒の感想を聞いてみましょう！男子用のコートを着ているのは、今回の企画を承認した和泉智宏生徒会長です。感想を、どうぞっ！
fem_hiy_01517,お兄ちゃん、今日は本当にお疲れさまー。はい、お水をあげるので、ここで少しお休み
fem_hiy_01518,ああいや、さほど大変なことには。ミリさんと詩桜先輩が気遣ってくださって、連絡係の中継に回してくれたので
fem_hiy_01519,あ、帰りが徒歩だとちょっと怖いので、ミリさんが車で送ってくれるって。一度自宅戻るね
fem_hiy_01520,食べるわ！今日だけは節制忘れてめちゃくちゃお肉食べるよ！でも資正が心配なので様子見てくる
fem_hiy_01521,打ち上げ始まったら、もう二人きりになれるタイミングないと思うけどいいの？
fem_hiy_01522,私はミリさんの車で、家から直接焼肉屋さんへ行くので、資正のお世話は心配せずとも良いよ
fem_hiy_01523,なんか、お友だちと話しこんでるのではって気兼ねしてました
fem_hiy_01524,どこかで聞いたな、この流れ。詩桜先輩に日本語を教わらなかったのかな？
fem_hiy_01525,えっ、そうなの？錦さん、家族で焼肉食べに行ったりしなかったんだ？
fem_hiy_01526,よーし、それでは錦さんに初めての焼肉を教えるという名目で、空気を読まずにばしばし焼いていっちゃうぞ
fem_hiy_01527,偉い人がご一緒だとだいたい焼いてくださるので、会話の流れを読みながら、お肉が焼けてきた頃合いを見ていただきますしつつ、自分で取ろうね！
fem_hiy_01528,でも偉い人の中には、とってあげるのが好きなかたもいるので、そんなときは手を出さずに、いただいたお肉をありがたく食べようね！
fem_hiy_01529,でも今日みたいにみんなで仲良く食べるときは、私たちみたいな若造が率先してお肉を焼いて、皆さんのお皿に配ろうね！
fem_hiy_01530,だろう？フフフこれだけキラキラしたお目めで喜ばれては、おいしいお肉をもっと食べさせてあげたくなってしまうね。はい、あーんして
fem_hiy_01531,まあいかに私とて、キャッチが遅れてお肉を焦がしてしまったりもするけどね。さ、お兄にも食べさせてあげる。焦げたお肉をお食べ
fem_hiy_01532,あ。わてくしも、名前が面白いと錦さんが言うのでブトン頼んじゃいました……希少部位ですね……
fem_hiy_01533,うはあ、これは数々のお肉を見てきた私でも、よだれが垂れてしまうねえ。じゅるり
fem_hiy_01534,明日もお仕事なのでお泊りはできません！
fem_hiy_01535,えっうちの兄の名前が学園史に！それは嬉しい！
fem_hiy_01536,あ、そぃえば、理事長さんには好意的に捉えていただけたみたいですけど、他の先生がた的には大丈夫でした？事前の相談しなかったわけですし
fem_hiy_01537,私も司会として解説中に、先生がたを煽るような発言をしてしまい反省しております
fem_hiy_01538,まあまあ、結果的にそれで成功したんだからいいじゃない。ほらお兄、ケーキ食べる？あっ、メニューにひよこケーキあるよ、かわいいよ
fem_hiy_01539,あれー？同じ生徒会役員でも、人によってずいぶん扱いが異なるぞー？やっぱりケーキをホールで頼んでしまおうかしら。この兄の顔面にぶつける用
fem_hiy_01540,撮影ＮＧです！
fem_hiy_01542,えっちょっ、ちょちょっちょちょっ、ちょっと待ってちょっと待って、お兄ちゃん写真撮るの？制服で？顔写るんだよ？
fem_hiy_01543,あ、愛宕さん？夜分にごめんなさい和泉です。今日は私オフなのにすみません……はいあの、確認したいことがありまして。ＳＮＳに写真を上げたいのですが
fem_hiy_01544,はい、顔出ますね……服装？服装ははい、制服着てます。え？学園での正体バレはともかく、公式で外部への学園バレは避けたい？ですよね
fem_hiy_01545,明日以降、事務所の確認待ちになってしまった……ううぅでも、それでダメだったときは取りかえしつかない……
fem_hiy_01546,だけどおそらく、お兄ちゃんと制服で写真うつる最後の機会……！どうしても、どうしてもいっしょに撮りたい……お兄ちゃんとの記念……はっ、そうだ！
fem_hiy_01547,準備できました。これなら顔写らないのでいいです
fem_hiy_01548,ダメだった場合、みんなに迷惑をかけてしまうのでもお兄ちゃんと制服で写真撮る最後の機会なのでメリ先輩の迷惑にならなければお願いします
fem_hiy_01549,いやー、いまのとこ来てないですね。もっとオシャレがんばれば、お声がかかるかしらん。そうだ、アメリ先輩にご指導願おう。お兄ちゃんのように
fem_hiy_01550,さも『僕は恋人の影響で人間変えたりしません』顔してやがりますけど、それでは皆さん聞いてくださいの男今日は頭にワックスなど塗っていやがりますよ
fem_hiy_01551,色々試したようで、洗面所に整髪料が増えました。私に隠したかったのか一時期部屋へ持ち帰ってましたが、面倒になったんでしょうね、普通に置いてあります
fem_hiy_01552,無駄にオシャレな靴下が増えた
fem_hiy_01553,あと、こないだポルポルスミスのぱんつ買ってた枚３０００円くらいするやつ
fem_hiy_01554,アメリ先輩は最初から正式な役員の一人でしたよ手伝いだなんて思ったことは一度もありません…って先輩は私たちの『仲間』ですから
fem_hiy_01555,実際のとこ、アメリ先輩さえよければ、先輩が副会長で私は庶務という立ち位置でもよかったのですが。先輩は今とてもお忙しい時期なのであれですが
fem_hiy_01556,そこはええ、私も兄から任された役職に少し思い入れはありますな。もう１年この立場でお兄ちゃんを支えてあげたい
fem_hiy_01557,ここへ来てまさかの文化祭完全否定とは。あの苦労と喜びの日々はなんだったのか
fem_hiy_01558,以下同文。右に同じ。前へ倣え
fem_hiy_01559,そっか、それなら今使ってるコートもなくさずに、自分の好みで着たい服を選べるようにできるね。お兄ちゃん、いいアイデアだ
fem_hiy_01560,お兄ちゃんの晴れ舞台と聞いて、この号、３冊も買ってしまいました。うちの兄、仕事仲間にめっちゃ自慢したいうぇへへへ
fem_hiy_01561,うちの兄の良さがわかるとは、お目が高いお友だちさんですなー。私もその会話に参加したい
fem_hiy_01562,うちの兄は料理もしてくれるんですよー。私が体調を崩したときはですねー、調べものをしながら慣れないお米を炊いて、おかゆを作ってくれてですねー
